ad_id,impressions,clicks
ad_1,727,34
ad_2,503,151
ad_3,1796,342
ad_4,2304,833
ad_5,4247,776
ad_6,1186,563
ad_7,2199,214
ad_8,1235,158
ad_9,469,123
ad_10,2298,932
ad_11,2010,923
ad_12,4721,776
ad_13,532,198
ad_14,378,173
ad_15,1154,95
ad_16,3134,813
ad_17,895,18
ad_18,3691,1456
ad_19,3383,695
ad_20,1131,110
ad_21,4046,280
ad_22,604,231
ad_23,1316,431
ad_24,736,64
ad_25,612,261
ad_26,1515,157
ad_27,3876,704
ad_28,352,396
ad_29,4786,1571
ad_30,3502,1730
ad_31,4955,-25
ad_32,1722,-36
ad_33,1673,559
ad_34,1997,862
ad_35,1976,169
ad_36,4385,1146
ad_37,2712,705
ad_38,1002,487
ad_39,3840,1595
ad_40,2341,665
ad_41,1424,25
ad_42,4058,1519
ad_43,935,353
ad_44,1203,24
ad_45,-1,15
ad_46,2660,175
ad_47,4461,1449
ad_48,1548,391
ad_49,518,-27
ad_50,415,13
ad_51,347,383
ad_52,119,215
ad_53,2095,229
ad_54,3208,762
ad_55,3816,1814
ad_56,4997,1732
ad_57,738,62
ad_58,926,234
ad_59,4732,2063
ad_60,3742,-24
ad_61,-45,39
ad_62,-44,18
ad_63,4406,637
ad_64,1597,98
ad_65,3506,-16
ad_66,173,187
ad_67,1415,73
ad_68,3097,340
ad_69,3216,1442
ad_70,312,139
ad_71,3303,704
ad_72,3024,1076
ad_73,3562,-34
ad_74,4286,-3
ad_75,4084,-18
ad_76,2182,247
ad_77,1425,74
ad_78,1308,297
ad_79,4052,1327
ad_80,206,257
ad_81,2560,984
ad_82,3600,471
ad_83,364,75
ad_84,3930,390
ad_85,4704,1347
ad_86,563,130
ad_87,3805,1516
ad_88,3750,121
ad_89,1584,209
ad_90,2963,424
ad_91,3820,1231
ad_92,4208,263
ad_93,1980,105
ad_94,1415,191
ad_95,1014,454
ad_96,473,524
ad_97,4639,299
ad_98,4372,1057
ad_99,889,104
ad_100,3981,1763
ad_101,1013,490
ad_102,585,156
ad_103,1694,537
ad_104,613,220
ad_105,1469,438
ad_106,-49,6
ad_107,98,9
ad_108,3440,1169
ad_109,389,104
ad_110,1314,122
ad_111,3513,1413
ad_112,1470,-34
ad_113,311,57
ad_114,2014,783
ad_115,1420,472
ad_116,3727,1813
ad_117,2253,889
ad_118,3848,1127
ad_119,1999,843
ad_120,374,39
ad_121,109,117
ad_122,1174,383
ad_123,4194,497
ad_124,278,331
ad_125,453,530
ad_126,4803,675
ad_127,2008,652
ad_128,3213,1104
ad_129,1271,251
ad_130,3350,982
ad_131,3381,475
ad_132,86,8
ad_133,2878,302
ad_134,4086,1567
ad_135,254,35
ad_136,4807,1378
ad_137,3057,909
ad_138,2731,394
ad_139,4548,-36
ad_140,3560,-31
ad_141,1356,593
ad_142,837,45
ad_143,3112,1336
ad_144,3431,1369
ad_145,689,1
ad_146,3729,1789
ad_147,3986,731
ad_148,852,217
ad_149,2104,297
ad_150,3951,1006
ad_151,1909,-27
ad_152,1218,383
ad_153,132,151
ad_154,339,111
ad_155,4078,1828
ad_156,2859,1404
ad_157,3264,170
ad_158,4344,1765
ad_159,677,296
ad_160,4555,1251
ad_161,2433,29
ad_162,4771,2109
ad_163,3856,854
ad_164,4764,1557
ad_165,2092,1041
ad_166,614,145
ad_167,2749,1042
ad_168,4287,1798
ad_169,1964,38
ad_170,2845,103
ad_171,3980,1201
ad_172,2437,821
ad_173,2510,1113
ad_174,1200,316
ad_175,4159,618
ad_176,1713,32
ad_177,4377,2020
ad_178,3551,1010
ad_179,3579,1119
ad_180,0,22
ad_181,1136,123
ad_182,982,103
ad_183,-6,25
ad_184,3812,11
ad_185,981,170
ad_186,1512,289
ad_187,3024,1039
ad_188,1861,230
ad_189,48,49
ad_190,4205,1604
ad_191,664,79
ad_192,3287,990
ad_193,2794,199
ad_194,1671,-34
ad_195,1322,239
ad_196,1940,424
ad_197,1775,206
ad_198,137,193
ad_199,-22,14
ad_200,4516,254
ad_201,371,117
ad_202,4948,2090
ad_203,2403,724
ad_204,644,-39
ad_205,2857,936
ad_206,4921,996
ad_207,2398,853
ad_208,2239,414
ad_209,0,3
ad_210,343,13
ad_211,4677,1077
ad_212,4579,1636
ad_213,4275,238
ad_214,3769,-28
ad_215,3608,1163
ad_216,1150,238
ad_217,749,124
ad_218,2263,1118
ad_219,131,224
ad_220,468,522
ad_221,2196,885
ad_222,3886,99
ad_223,3308,180
ad_224,1880,509
ad_225,4299,905
ad_226,2851,145
ad_227,232,106
ad_228,1995,732
ad_229,3514,949
ad_230,4133,854
ad_231,3740,619
ad_232,3702,803
ad_233,3867,1210
ad_234,3003,271
ad_235,2056,529
ad_236,-40,17
ad_237,4443,1278
ad_238,1409,312
ad_239,4389,423
ad_240,633,15
ad_241,2078,243
ad_242,817,-8
ad_243,1795,83
ad_244,3266,321
ad_245,2024,612
ad_246,4865,2139
ad_247,723,-40
ad_248,4991,552
ad_249,3848,847
ad_250,3763,-38
ad_251,3941,703
ad_252,79,8
ad_253,475,489
ad_254,0,4
ad_255,432,455
ad_256,3052,175
ad_257,0,15
ad_258,1472,501
ad_259,4868,1680
ad_260,3923,802
ad_261,205,241
ad_262,1120,259
ad_263,760,360
ad_264,1397,301
ad_265,4896,1307
ad_266,3995,1282
ad_267,91,182
ad_268,3420,1018
ad_269,226,78
ad_270,2739,529
ad_271,136,66
ad_272,830,14
ad_273,2369,870
ad_274,1847,601
ad_275,4860,2360
ad_276,4406,1791
ad_277,2106,21
ad_278,602,57
ad_279,4475,74
ad_280,1750,669
ad_281,395,189
ad_282,2430,676
ad_283,4157,1722
ad_284,268,-45
ad_285,2808,1291
ad_286,4026,560
ad_287,3981,1155
ad_288,1158,-48
ad_289,829,108
ad_290,4420,566
ad_291,2570,621
ad_292,4121,1631
ad_293,1013,-48
ad_294,3727,1809
ad_295,4212,331
ad_296,1546,575
ad_297,3689,1249
ad_298,1161,418
ad_299,1374,3
ad_300,1596,346
ad_301,443,468
ad_302,4999,-34
ad_303,3788,1607
ad_304,3418,1605
ad_305,2824,938
ad_306,2938,86
ad_307,136,-26
ad_308,1690,-40
ad_309,0,4
ad_310,261,352
ad_311,1431,516
ad_312,4754,1313
ad_313,639,222
ad_314,1178,102
ad_315,2097,953
ad_316,3246,500
ad_317,3769,1876
ad_318,110,43
ad_319,3197,1518
ad_320,243,114
ad_321,182,86
ad_322,1382,471
ad_323,2973,889
ad_324,2380,949
ad_325,3622,751
ad_326,1944,221
ad_327,3214,53
ad_328,2603,943
ad_329,799,338
ad_330,4120,753
ad_331,4895,402
ad_332,3229,76
ad_333,175,87
ad_334,4481,1895
ad_335,2888,1126
ad_336,3362,321
ad_337,285,86
ad_338,310,133
ad_339,4906,252
ad_340,534,27
ad_341,734,40
ad_342,4092,1763
ad_343,689,89
ad_344,3312,-13
ad_345,1436,638
ad_346,721,348
ad_347,155,-42
ad_348,3139,1054
ad_349,-5,42
ad_350,1004,172
ad_351,634,35
ad_352,539,156
ad_353,-31,48
ad_354,2916,895
ad_355,263,301
ad_356,1779,-25
ad_357,4914,660
ad_358,409,190
ad_359,669,86
ad_360,1406,669
ad_361,2207,295
ad_362,0,1
ad_363,810,303
ad_364,-43,30
ad_365,-12,22
ad_366,3324,432
ad_367,2806,-31
ad_368,629,268
ad_369,19,52
ad_370,1757,23
ad_371,424,32
ad_372,2102,567
ad_373,213,284
ad_374,2740,892
ad_375,2443,756
ad_376,2753,868
ad_377,2186,859
ad_378,2696,-11
ad_379,43,57
ad_380,4213,1438
ad_381,373,106
ad_382,2156,837
ad_383,2267,542
ad_384,3841,-13
ad_385,2903,202
ad_386,2244,331
ad_387,2429,369
ad_388,4981,1975
ad_389,776,62
ad_390,2274,905
ad_391,2614,105
ad_392,3407,1518
ad_393,4714,1148
ad_394,317,18
ad_395,406,197
ad_396,508,30
ad_397,4712,330
ad_398,2318,940
ad_399,216,107
ad_400,0,43
ad_401,4145,112
ad_402,0,1
ad_403,2214,321
ad_404,2768,524
ad_405,0,4
ad_406,3142,504
ad_407,2790,559
ad_408,4406,1120
ad_409,1529,397
ad_410,2140,886
ad_411,3049,1039
ad_412,1163,462
ad_413,400,419
ad_414,2324,112
ad_415,3356,70
ad_416,0,20
ad_417,3771,231
ad_418,1543,714
ad_419,1984,221
ad_420,753,80
ad_421,1606,227
ad_422,4754,412
ad_423,2691,345
ad_424,307,361
ad_425,3699,1263
ad_426,342,420
ad_427,2640,970
ad_428,580,-35
ad_429,3116,1396
ad_430,468,541
ad_431,4743,-32
ad_432,2380,-9
ad_433,3635,1680
ad_434,2614,1077
ad_435,1954,805
ad_436,1295,416
ad_437,3311,1284
ad_438,753,95
ad_439,2675,1221
ad_440,31,62
ad_441,4053,1231
ad_442,1513,405
ad_443,4366,1746
ad_444,4698,1385
ad_445,1451,284
ad_446,1654,284
ad_447,85,-35
ad_448,2568,1007
ad_449,2270,-42
ad_450,3182,1139
ad_451,4561,121
ad_452,3655,520
ad_453,0,13
ad_454,4134,1496
ad_455,4652,1815
ad_456,1800,362
ad_457,4199,1678
ad_458,3733,-17
ad_459,3449,61
ad_460,3413,112
ad_461,3889,-21
ad_462,1308,587
ad_463,3440,1557
ad_464,4148,1447
ad_465,3816,12
ad_466,4068,610
ad_467,3346,179
ad_468,373,47
ad_469,4445,603
ad_470,2883,964
ad_471,3793,120
ad_472,1096,28
ad_473,4968,1209
ad_474,1091,462
ad_475,1592,17
ad_476,1193,115
ad_477,2955,720
ad_478,4783,297
ad_479,594,169
ad_480,2698,920
ad_481,199,75
ad_482,4743,2013
ad_483,617,191
ad_484,3252,876
ad_485,4442,494
ad_486,1718,730
ad_487,4506,2040
ad_488,389,110
ad_489,0,0
ad_490,3469,1344
ad_491,1084,417
ad_492,1296,445
ad_493,3937,1452
ad_494,-46,29
ad_495,4428,944
ad_496,2024,66
ad_497,2521,494
ad_498,358,31
ad_499,3994,88
ad_500,776,20
ad_501,4311,321
ad_502,2231,927
ad_503,1064,249
ad_504,3355,1329
ad_505,1574,731
ad_506,4171,-25
ad_507,287,93
ad_508,3438,314
ad_509,2398,125
ad_510,4586,728
ad_511,3112,906
ad_512,343,419
ad_513,4859,1039
ad_514,4344,782
ad_515,3999,485
ad_516,3924,964
ad_517,235,8
ad_518,3913,837
ad_519,3886,168
ad_520,3627,905
ad_521,3654,480
ad_522,3321,361
ad_523,2784,1361
ad_524,3489,805
ad_525,2818,624
ad_526,4119,-46
ad_527,692,80
ad_528,254,37
ad_529,3393,-35
ad_530,1085,311
ad_531,4283,1866
ad_532,1619,228
ad_533,2629,832
ad_534,1619,350
ad_535,4860,2402
ad_536,1648,-20
ad_537,1875,565
ad_538,149,193
ad_539,3121,1069
ad_540,316,345
ad_541,2854,378
ad_542,2742,1185
ad_543,4641,1253
ad_544,4255,1505
ad_545,4937,738
ad_546,4838,1883
ad_547,4538,1629
ad_548,3228,873
ad_549,1382,559
ad_550,4258,1398
ad_551,4672,1266
ad_552,974,42
ad_553,691,337
ad_554,2712,-1
ad_555,3364,1059
ad_556,660,310
ad_557,2298,-21
ad_558,4257,135
ad_559,3031,908
ad_560,464,500
ad_561,4343,256
ad_562,2211,815
ad_563,62,30
ad_564,1308,653
ad_565,1647,300
ad_566,229,279
ad_567,4615,2193
ad_568,2707,532
ad_569,3513,1363
ad_570,429,433
ad_571,4141,1362
ad_572,1554,373
ad_573,2877,277
ad_574,0,41
ad_575,257,324
ad_576,3829,1784
ad_577,345,347
ad_578,2662,745
ad_579,3090,683
ad_580,2389,417
ad_581,4913,542
ad_582,521,50
ad_583,3457,861
ad_584,464,482
ad_585,181,234
ad_586,3001,-45
ad_587,169,3
ad_588,4592,966
ad_589,3999,1223
ad_590,2713,1261
ad_591,4625,503
ad_592,4292,1047
ad_593,3221,927
ad_594,1258,315
ad_595,2200,232
ad_596,2979,1010
ad_597,3893,1115
ad_598,4793,1137
ad_599,1534,582
ad_600,871,123
ad_601,3277,840
ad_602,1352,414
ad_603,3577,1144
ad_604,281,374
ad_605,4983,886
ad_606,4343,1622
ad_607,0,41
ad_608,987,336
ad_609,564,183
ad_610,536,266
ad_611,2931,-15
ad_612,3678,437
ad_613,4516,728
ad_614,253,87
ad_615,4820,1008
ad_616,144,67
ad_617,4635,734
ad_618,1758,-18
ad_619,604,-27
ad_620,3893,830
ad_621,2457,38
ad_622,2421,546
ad_623,937,290
ad_624,1622,-46
ad_625,4905,643
ad_626,3673,1508
ad_627,1792,13
ad_628,3615,283
ad_629,385,44
ad_630,4129,318
ad_631,27,34
ad_632,1951,127
ad_633,4386,1998
ad_634,1055,-38
ad_635,1031,181
ad_636,324,30
ad_637,355,410
ad_638,2502,876
ad_639,4985,2195
ad_640,1951,207
ad_641,0,24
ad_642,3285,349
ad_643,3984,1599
ad_644,2466,537
ad_645,1024,93
ad_646,0,35
ad_647,2637,584
ad_648,442,482
ad_649,3782,623
ad_650,2846,1269
ad_651,3292,111
ad_652,0,47
ad_653,647,124
ad_654,1088,242
ad_655,3917,601
ad_656,1976,677
ad_657,1476,519
ad_658,3162,158
ad_659,560,-47
ad_660,1231,340
ad_661,1884,885
ad_662,3591,327
ad_663,3423,669
ad_664,1912,774
ad_665,4511,1870
ad_666,1374,-4
ad_667,1070,216
ad_668,271,273
ad_669,582,6
ad_670,4113,919
ad_671,3866,1322
ad_672,1535,755
ad_673,3919,1196
ad_674,0,25
ad_675,3085,1438
ad_676,3736,667
ad_677,4449,2086
ad_678,2214,861
ad_679,1301,190
ad_680,4462,1977
ad_681,119,192
ad_682,3466,158
ad_683,1557,343
ad_684,1515,152
ad_685,2776,413
ad_686,0,9
ad_687,2926,412
ad_688,3394,1381
ad_689,210,238
ad_690,4710,2034
ad_691,1340,352
ad_692,299,338
ad_693,4392,11
ad_694,3517,1035
ad_695,921,13
ad_696,-41,13
ad_697,1557,-35
ad_698,4956,1734
ad_699,1040,430
ad_700,301,62
ad_701,4549,797
ad_702,4522,1194
ad_703,3716,971
ad_704,3895,94
ad_705,2669,690
ad_706,237,106
ad_707,0,2
ad_708,4547,506
ad_709,3760,555
ad_710,1271,410
ad_711,4468,1842
ad_712,-12,20
ad_713,4039,1465
ad_714,3328,1333
ad_715,3968,515
ad_716,3183,1271
ad_717,310,18
ad_718,1974,957
ad_719,4573,803
ad_720,4920,-34
ad_721,4078,775
ad_722,827,66
ad_723,3173,169
ad_724,4477,121
ad_725,4149,1018
ad_726,176,73
ad_727,387,451
ad_728,2307,972
ad_729,0,30
ad_730,3309,833
ad_731,2425,896
ad_732,1862,-40
ad_733,1224,587
ad_734,3464,553
ad_735,2307,736
ad_736,2454,81
ad_737,2459,-24
ad_738,2047,522
ad_739,1144,232
ad_740,13,104
ad_741,3730,698
ad_742,0,16
ad_743,175,37
ad_744,4022,603
ad_745,-12,12
ad_746,1436,640
ad_747,3243,133
ad_748,291,8
ad_749,1742,641
ad_750,1441,184
ad_751,4184,321
ad_752,2668,-46
ad_753,375,442
ad_754,4995,1382
ad_755,3056,1423
ad_756,2997,711
ad_757,580,114
ad_758,2668,927
ad_759,1559,700
ad_760,4330,1427
ad_761,3669,656
ad_762,4710,1146
ad_763,1986,569
ad_764,435,496
ad_765,4461,1536
ad_766,3748,1855
ad_767,1963,887
ad_768,-32,5
ad_769,720,4
ad_770,252,77
ad_771,1311,408
ad_772,2596,314
ad_773,4222,196
ad_774,285,38
ad_775,2109,481
ad_776,0,34
ad_777,2621,1017
ad_778,757,226
ad_779,87,178
ad_780,3851,955
ad_781,2869,1393
ad_782,2766,167
ad_783,3694,1630
ad_784,2243,811
ad_785,212,102
ad_786,3719,1491
ad_787,3884,1498
ad_788,2363,245
ad_789,3086,1063
ad_790,4580,570
ad_791,4100,1526
ad_792,4481,1772
ad_793,1017,429
ad_794,2681,221
ad_795,1104,67
ad_796,741,63
ad_797,3216,767
ad_798,3369,725
ad_799,2262,1010
ad_800,3060,450
ad_801,2011,791
ad_802,4141,1426
ad_803,3513,61
ad_804,0,18
ad_805,2457,1105
ad_806,874,168
ad_807,2777,194
ad_808,3605,1329
ad_809,-12,36
ad_810,2711,428
ad_811,4765,373
ad_812,3829,751
ad_813,923,325
ad_814,4339,1516
ad_815,3277,817
ad_816,3797,633
ad_817,728,342
ad_818,0,49
ad_819,4213,1892
ad_820,2276,624
ad_821,1005,300
ad_822,718,354
ad_823,512,10
ad_824,1845,414
ad_825,3936,1062
ad_826,1197,539
ad_827,2877,768
ad_828,3393,458
ad_829,3704,538
ad_830,614,44
ad_831,1099,503
ad_832,1399,256
ad_833,695,323
ad_834,4616,-32
ad_835,355,40
ad_836,4871,1795
ad_837,4583,946
ad_838,408,428
ad_839,210,77
ad_840,2861,730
ad_841,2361,644
ad_842,2110,446
ad_843,1785,452
ad_844,1479,-5
ad_845,4283,325
ad_846,2475,383
ad_847,2017,34
ad_848,4100,1368
ad_849,4073,111
ad_850,3784,1068
ad_851,2601,319
ad_852,62,65
ad_853,2651,138
ad_854,1436,-36
ad_855,0,7
ad_856,3858,1250
ad_857,2047,560
ad_858,4655,383
ad_859,416,441
ad_860,2822,647
ad_861,2072,568
ad_862,0,38
ad_863,961,275
ad_864,4434,-10
ad_865,149,26
ad_866,3003,1454
ad_867,2877,234
ad_868,2339,614
ad_869,733,163
ad_870,4532,1384
ad_871,2971,418
ad_872,4801,1869
ad_873,916,348
ad_874,-29,41
ad_875,386,417
ad_876,3777,1586
ad_877,4635,57
ad_878,392,463
ad_879,3262,1427
ad_880,2119,687
ad_881,3939,40
ad_882,2592,238
ad_883,3602,-37
ad_884,4056,1146
ad_885,1133,-12
ad_886,4622,1041
ad_887,496,12
ad_888,4799,2338
ad_889,1826,330
ad_890,334,374
ad_891,4967,1010
ad_892,1608,537
ad_893,4064,6
ad_894,1153,357
ad_895,3214,1195
ad_896,4145,792
ad_897,2345,665
ad_898,3021,1040
ad_899,3462,1172
ad_900,43,91
ad_901,1889,506
ad_902,708,-40
ad_903,3900,139
ad_904,4713,410
ad_905,2337,434
ad_906,1772,647
ad_907,598,163
ad_908,2937,117
ad_909,4721,598
ad_910,2172,337
ad_911,2815,-8
ad_912,3425,653
ad_913,1988,897
ad_914,920,122
ad_915,4108,577
ad_916,1962,52
ad_917,3013,622
ad_918,1381,-36
ad_919,4987,1613
ad_920,274,366
ad_921,2427,91
ad_922,2030,532
ad_923,602,282
ad_924,1679,293
ad_925,673,33
ad_926,317,324
ad_927,376,405
ad_928,127,18
ad_929,188,94
ad_930,385,24
ad_931,4711,1470
ad_932,1857,591
ad_933,1667,349
ad_934,2256,567
ad_935,3615,158
ad_936,2328,220
ad_937,1755,676
ad_938,2123,-41
ad_939,4676,1651
ad_940,3692,815
ad_941,3715,626
ad_942,4956,1075
ad_943,1398,669
ad_944,2838,1132
ad_945,2920,66
ad_946,4283,1971
ad_947,1634,279
ad_948,3853,628
ad_949,1486,200
ad_950,2216,997
ad_951,326,57
ad_952,1462,477
ad_953,895,33
ad_954,3840,1665
ad_955,4751,694
ad_956,4407,626
ad_957,4458,-1
ad_958,241,270
ad_959,2633,684
ad_960,1864,179
ad_961,3384,474
ad_962,2411,238
ad_963,4378,498
ad_964,2665,433
ad_965,718,306
ad_966,2027,508
ad_967,2325,-24
ad_968,4572,2148
ad_969,2089,979
ad_970,2259,442
ad_971,329,332
ad_972,3719,569
ad_973,965,296
ad_974,2008,97
ad_975,494,196
ad_976,347,-43
ad_977,0,3
ad_978,3294,1124
ad_979,263,106
ad_980,4258,543
ad_981,3630,638
ad_982,1706,597
ad_983,2708,79
ad_984,161,201
ad_985,-48,28
ad_986,2827,469
ad_987,1792,427
ad_988,2184,525
ad_989,4382,35
ad_990,3858,483
ad_991,3274,51
ad_992,3411,928
ad_993,3473,1461
ad_994,1828,452
ad_995,0,35
ad_996,4993,1293
ad_997,2248,1002
ad_998,4331,-1
ad_999,1272,423
ad_1000,4329,1199
ad_1001,109,172
ad_1002,1010,505
ad_1003,2518,254
ad_1004,1639,686
ad_1005,0,49
ad_1006,2738,551
ad_1007,4155,344
ad_1008,783,346
ad_1009,0,25
ad_1010,-43,5
ad_1011,448,451
ad_1012,1017,290
ad_1013,2083,690
ad_1014,4751,257
ad_1015,1740,419
ad_1016,4709,2123
ad_1017,3398,-34
ad_1018,1540,227
ad_1019,3679,1532
ad_1020,1556,343
ad_1021,4138,1036
ad_1022,3041,-32
ad_1023,1862,470
ad_1024,149,19
ad_1025,3981,1329
ad_1026,4051,1844
ad_1027,4197,1830
ad_1028,318,339
ad_1029,1847,14
ad_1030,1822,126
ad_1031,691,159
ad_1032,2649,889
ad_1033,1605,158
ad_1034,2649,1012
ad_1035,2817,1160
ad_1036,238,319
ad_1037,1006,359
ad_1038,1892,291
ad_1039,171,252
ad_1040,3875,1375
ad_1041,1177,209
ad_1042,3857,1501
ad_1043,206,226
ad_1044,1758,223
ad_1045,4285,351
ad_1046,0,6
ad_1047,996,385
ad_1048,4399,15
ad_1049,1323,441
ad_1050,2138,452
ad_1051,508,220
ad_1052,1060,128
ad_1053,4310,1672
ad_1054,2963,-24
ad_1055,3764,43
ad_1056,470,476
ad_1057,4794,1305
ad_1058,4982,534
ad_1059,3571,1012
ad_1060,4910,1295
ad_1061,2931,788
ad_1062,4417,1423
ad_1063,1924,-44
ad_1064,2083,1022
ad_1065,2972,1476
ad_1066,1514,-30
ad_1067,3093,956
ad_1068,476,571
ad_1069,2897,31
ad_1070,3564,1684
ad_1071,75,138
ad_1072,1772,866
ad_1073,4189,356
ad_1074,2941,866
ad_1075,1475,611
ad_1076,911,424
ad_1077,956,308
ad_1078,303,35
ad_1079,3089,93
ad_1080,3756,484
ad_1081,1146,426
ad_1082,1055,173
ad_1083,4207,272
ad_1084,194,50
ad_1085,3897,1625
ad_1086,898,197
ad_1087,1183,568
ad_1088,3548,1344
ad_1089,2589,102
ad_1090,2822,862
ad_1091,0,0
ad_1092,4003,40
ad_1093,551,-12
ad_1094,2225,354
ad_1095,3563,1237
ad_1096,901,310
ad_1097,2479,481
ad_1098,3223,-1
ad_1099,966,93
ad_1100,1848,124
ad_1101,0,41
ad_1102,4929,-6
ad_1103,117,198
ad_1104,4680,1500
ad_1105,3778,911
ad_1106,2114,632
ad_1107,2674,24
ad_1108,758,279
ad_1109,717,148
ad_1110,471,72
ad_1111,3732,330
ad_1112,4807,108
ad_1113,1487,710
ad_1114,87,122
ad_1115,354,361
ad_1116,64,22
ad_1117,1119,162
ad_1118,0,44
ad_1119,3284,936
ad_1120,3495,191
ad_1121,1503,470
ad_1122,1436,-37
ad_1123,1417,85
ad_1124,4512,1996
ad_1125,2638,1021
ad_1126,159,49
ad_1127,4798,994
ad_1128,585,286
ad_1129,3808,1169
ad_1130,4695,771
ad_1131,4822,2261
ad_1132,235,69
ad_1133,1945,300
ad_1134,4482,502
ad_1135,2829,149
ad_1136,2576,1235
ad_1137,-12,25
ad_1138,3055,1163
ad_1139,3190,330
ad_1140,644,15
ad_1141,1241,532
ad_1142,3815,1731
ad_1143,0,6
ad_1144,4829,2000
ad_1145,4273,1415
ad_1146,1203,533
ad_1147,4648,1681
ad_1148,4634,1147
ad_1149,2690,251
ad_1150,601,-42
ad_1151,2933,1208
ad_1152,1159,-11
ad_1153,305,37
ad_1154,-37,45
ad_1155,3183,717
ad_1156,2009,103
ad_1157,3410,279
ad_1158,3388,1508
ad_1159,3738,1746
ad_1160,1331,87
ad_1161,2435,493
ad_1162,2813,102
ad_1163,3148,330
ad_1164,420,86
ad_1165,1144,292
ad_1166,3458,78
ad_1167,2452,931
ad_1168,4308,459
ad_1169,1037,457
ad_1170,1002,146
ad_1171,4976,1916
ad_1172,1866,491
ad_1173,653,24
ad_1174,1279,472
ad_1175,-11,3
ad_1176,1205,371
ad_1177,1675,295
ad_1178,-38,45
ad_1179,2839,597
ad_1180,1554,681
ad_1181,407,62
ad_1182,267,329
ad_1183,-4,14
ad_1184,3279,1291
ad_1185,2851,595
ad_1186,3640,210
ad_1187,3698,741
ad_1188,3593,1269
ad_1189,202,299
ad_1190,3141,76
ad_1191,426,525
ad_1192,-1,43
ad_1193,2134,1002
ad_1194,107,142
ad_1195,2645,1317
ad_1196,1112,6
ad_1197,4360,187
ad_1198,3909,627
ad_1199,3499,737
ad_1200,1005,42
ad_1201,3252,1439
ad_1202,619,105
ad_1203,99,116
ad_1204,102,15
ad_1205,419,198
ad_1206,458,533
ad_1207,2068,999
ad_1208,307,358
ad_1209,76,80
ad_1210,3356,826
ad_1211,1982,411
ad_1212,2949,860
ad_1213,234,96
ad_1214,3938,1860
ad_1215,1842,779
ad_1216,3340,1501
ad_1217,1944,448
ad_1218,2026,463
ad_1219,4167,1178
ad_1220,4652,499
ad_1221,1603,584
ad_1222,1312,413
ad_1223,779,322
ad_1224,1512,523
ad_1225,1000,11
ad_1226,-34,48
ad_1227,2216,798
ad_1228,429,16
ad_1229,4369,1385
ad_1230,2144,675
ad_1231,2952,217
ad_1232,744,48
ad_1233,1098,22
ad_1234,4347,2086
ad_1235,875,389
ad_1236,3153,351
ad_1237,606,124
ad_1238,3470,62
ad_1239,4386,375
ad_1240,1413,79
ad_1241,2001,316
ad_1242,247,117
ad_1243,1793,802
ad_1244,0,36
ad_1245,12,40
ad_1246,537,-30
ad_1247,1942,161
ad_1248,2695,703
ad_1249,1931,553
ad_1250,916,90
ad_1251,-22,1
ad_1252,2937,1059
ad_1253,2851,664
ad_1254,4467,1552
ad_1255,3323,1422
ad_1256,1746,796
ad_1257,250,270
ad_1258,1132,-30
ad_1259,0,46
ad_1260,0,45
ad_1261,4332,1523
ad_1262,4151,32
ad_1263,971,429
ad_1264,3762,1830
ad_1265,4117,1830
ad_1266,1746,313
ad_1267,4814,2311
ad_1268,2094,757
ad_1269,3600,1097
ad_1270,651,-1
ad_1271,4862,1784
ad_1272,3513,1745
ad_1273,2923,302
ad_1274,3391,105
ad_1275,3226,528
ad_1276,-25,2
ad_1277,888,67
ad_1278,1335,611
ad_1279,4257,1244
ad_1280,1889,-49
ad_1281,1994,290
ad_1282,4236,695
ad_1283,3358,988
ad_1284,1398,607
ad_1285,1933,327
ad_1286,1395,94
ad_1287,1158,282
ad_1288,343,146
ad_1289,3981,-2
ad_1290,2938,-15
ad_1291,4693,-48
ad_1292,3389,667
ad_1293,1785,409
ad_1294,2743,1274
ad_1295,2004,669
ad_1296,1975,493
ad_1297,352,92
ad_1298,2588,644
ad_1299,-21,1
ad_1300,4102,1452
ad_1301,2863,1381
ad_1302,4334,762
ad_1303,3345,917
ad_1304,185,27
ad_1305,2065,902
ad_1306,2641,-26
ad_1307,1515,447
ad_1308,3040,509
ad_1309,1816,281
ad_1310,1026,-30
ad_1311,914,377
ad_1312,1469,142
ad_1313,389,394
ad_1314,464,5
ad_1315,328,335
ad_1316,1984,584
ad_1317,1691,434
ad_1318,443,486
ad_1319,4059,2008
ad_1320,4758,294
ad_1321,2849,82
ad_1322,3889,266
ad_1323,1996,725
ad_1324,3096,1310
ad_1325,4407,1979
ad_1326,2211,723
ad_1327,1746,-46
ad_1328,3241,604
ad_1329,4619,1258
ad_1330,2535,884
ad_1331,2487,590
ad_1332,1268,51
ad_1333,1625,614
ad_1334,0,6
ad_1335,495,500
ad_1336,4861,2392
ad_1337,702,174
ad_1338,4496,499
ad_1339,206,103
ad_1340,1218,235
ad_1341,3982,218
ad_1342,2703,862
ad_1343,4389,2160
ad_1344,4572,2134
ad_1345,1981,676
ad_1346,2922,349
ad_1347,612,144
ad_1348,-40,13
ad_1349,3836,860
ad_1350,4603,31
ad_1351,4416,2189
ad_1352,3699,222
ad_1353,1227,154
ad_1354,2519,603
ad_1355,1016,326
ad_1356,4488,1528
ad_1357,4114,322
ad_1358,2817,307
ad_1359,3874,1003
ad_1360,494,88
ad_1361,786,21
ad_1362,854,73
ad_1363,2610,980
ad_1364,2951,1342
ad_1365,1624,757
ad_1366,4876,631
ad_1367,127,154
ad_1368,1857,303
ad_1369,1227,408
ad_1370,137,188
ad_1371,2952,453
ad_1372,4833,1322
ad_1373,3107,1010
ad_1374,598,187
ad_1375,4631,2012
ad_1376,4463,854
ad_1377,4033,24
ad_1378,2897,860
ad_1379,3581,230
ad_1380,4873,2298
ad_1381,4749,1795
ad_1382,1943,658
ad_1383,359,45
ad_1384,4778,339
ad_1385,2820,1167
ad_1386,71,12
ad_1387,4215,291
ad_1388,3112,-2
ad_1389,2913,343
ad_1390,2510,-3
ad_1391,2820,-10
ad_1392,2284,117
ad_1393,2858,340
ad_1394,4572,1741
ad_1395,3593,40
ad_1396,4657,2264
ad_1397,140,206
ad_1398,2728,880
ad_1399,3857,260
ad_1400,4796,145
ad_1401,2335,722
ad_1402,3928,1385
ad_1403,1410,457
ad_1404,4658,-33
ad_1405,437,86
ad_1406,4943,1798
ad_1407,4177,133
ad_1408,324,341
ad_1409,3994,361
ad_1410,2504,1082
ad_1411,890,-46
ad_1412,4884,1476
ad_1413,2087,-37
ad_1414,2183,878
ad_1415,2495,262
ad_1416,812,28
ad_1417,3019,742
ad_1418,1498,-32
ad_1419,4758,2043
ad_1420,4921,1488
ad_1421,1088,301
ad_1422,4542,798
ad_1423,833,380
ad_1424,4752,1364
ad_1425,4077,1785
ad_1426,2548,842
ad_1427,4592,1920
ad_1428,4544,1492
ad_1429,3094,845
ad_1430,2269,744
ad_1431,365,8
ad_1432,1658,233
ad_1433,137,21
ad_1434,1282,225
ad_1435,1002,62
ad_1436,2412,109
ad_1437,4603,547
ad_1438,438,454
ad_1439,-36,42
ad_1440,114,40
ad_1441,762,237
ad_1442,351,375
ad_1443,2509,799
ad_1444,3637,846
ad_1445,268,304
ad_1446,1905,37
ad_1447,374,-8
ad_1448,4834,2312
ad_1449,4541,301
ad_1450,4590,1221
ad_1451,737,231
ad_1452,4635,1809
ad_1453,1557,-39
ad_1454,4250,306
ad_1455,4438,354
ad_1456,0,33
ad_1457,3519,1334
ad_1458,-29,9
ad_1459,4931,316
ad_1460,4372,1177
ad_1461,3484,173
ad_1462,3979,1229
ad_1463,2484,374
ad_1464,3116,909
ad_1465,890,436
ad_1466,4551,362
ad_1467,3127,1227
ad_1468,0,37
ad_1469,271,12
ad_1470,486,66
ad_1471,2504,609
ad_1472,1724,118
ad_1473,4457,1741
ad_1474,4381,1940
ad_1475,3771,19
ad_1476,2898,1096
ad_1477,1987,604
ad_1478,4964,121
ad_1479,3507,195
ad_1480,2439,943
ad_1481,2112,356
ad_1482,403,453
ad_1483,-29,17
ad_1484,303,111
ad_1485,4805,1560
ad_1486,3053,1281
ad_1487,856,324
ad_1488,4440,-12
ad_1489,247,260
ad_1490,2028,721
ad_1491,243,22
ad_1492,4405,1551
ad_1493,0,18
ad_1494,2493,26
ad_1495,289,368
ad_1496,4054,17
ad_1497,1591,649
ad_1498,1618,637
ad_1499,4519,137
ad_1500,1551,306
ad_1501,3607,1222
ad_1502,3908,682
ad_1503,1055,426
ad_1504,4154,1068
ad_1505,1090,479
ad_1506,615,141
ad_1507,4419,895
ad_1508,4281,828
ad_1509,2618,979
ad_1510,112,176
ad_1511,1943,863
ad_1512,2343,896
ad_1513,749,306
ad_1514,949,462
ad_1515,996,435
ad_1516,3608,1278
ad_1517,0,21
ad_1518,4181,1258
ad_1519,4963,105
ad_1520,1460,274
ad_1521,131,59
ad_1522,311,391
ad_1523,4291,1921
ad_1524,2272,71
ad_1525,446,19
ad_1526,3293,700
ad_1527,1611,799
ad_1528,2109,315
ad_1529,2737,524
ad_1530,2055,-42
ad_1531,3072,909
ad_1532,2047,714
ad_1533,1032,60
ad_1534,192,32
ad_1535,2993,897
ad_1536,4793,914
ad_1537,1637,-5
ad_1538,793,265
ad_1539,3459,458
ad_1540,2930,-25
ad_1541,1287,477
ad_1542,4252,1648
ad_1543,377,28
ad_1544,3399,190
ad_1545,469,471
ad_1546,4268,1034
ad_1547,1194,309
ad_1548,141,55
ad_1549,942,302
ad_1550,110,11
ad_1551,372,384
ad_1552,2122,461
ad_1553,271,95
ad_1554,484,193
ad_1555,3756,1632
ad_1556,105,134
ad_1557,442,24
ad_1558,0,23
ad_1559,2682,359
ad_1560,2462,22
ad_1561,694,159
ad_1562,4357,696
ad_1563,2469,269
ad_1564,1827,776
ad_1565,2940,187
ad_1566,281,61
ad_1567,190,264
ad_1568,4857,1270
ad_1569,2970,123
ad_1570,2532,716
ad_1571,371,427
ad_1572,2365,421
ad_1573,1199,465
ad_1574,4152,487
ad_1575,1901,713
ad_1576,1933,263
ad_1577,3489,664
ad_1578,113,17
ad_1579,-43,22
ad_1580,319,139
ad_1581,4906,241
ad_1582,866,174
ad_1583,538,134
ad_1584,2116,790
ad_1585,2553,595
ad_1586,3242,1528
ad_1587,3911,6
ad_1588,997,31
ad_1589,52,19
ad_1590,3559,-38
ad_1591,3130,1439
ad_1592,3028,1269
ad_1593,2650,145
ad_1594,4751,-39
ad_1595,2680,244
ad_1596,1778,186
ad_1597,2957,1128
ad_1598,2949,1063
ad_1599,367,114
ad_1600,3075,293
ad_1601,-26,35
ad_1602,2810,147
ad_1603,228,239
ad_1604,2935,-13
ad_1605,490,554
ad_1606,2411,176
ad_1607,3824,1812
ad_1608,666,237
ad_1609,417,167
ad_1610,4669,1590
ad_1611,1354,65
ad_1612,1137,542
ad_1613,2249,218
ad_1614,947,311
ad_1615,3530,986
ad_1616,0,44
ad_1617,2897,988
ad_1618,1892,317
ad_1619,2208,664
ad_1620,1092,391
ad_1621,3453,640
ad_1622,413,451
ad_1623,1029,326
ad_1624,0,40
ad_1625,3315,268
ad_1626,3725,39
ad_1627,2192,157
ad_1628,164,226
ad_1629,-46,44
ad_1630,1672,385
ad_1631,3615,681
ad_1632,818,151
ad_1633,2688,231
ad_1634,3358,122
ad_1635,1875,132
ad_1636,469,38
ad_1637,4573,651
ad_1638,1927,217
ad_1639,951,66
ad_1640,116,42
ad_1641,2563,239
ad_1642,1203,147
ad_1643,53,118
ad_1644,711,268
ad_1645,1441,215
ad_1646,1267,293
ad_1647,1748,330
ad_1648,3617,139
ad_1649,450,203
ad_1650,3182,1054
ad_1651,4032,1757
ad_1652,2489,558
ad_1653,2379,-49
ad_1654,4581,517
ad_1655,3487,872
ad_1656,4318,1539
ad_1657,1603,550
ad_1658,1276,107
ad_1659,4477,1218
ad_1660,2295,274
ad_1661,4732,1645
ad_1662,577,217
ad_1663,520,-42
ad_1664,4220,1020
ad_1665,2971,223
ad_1666,1409,-29
ad_1667,2567,64
ad_1668,0,12
ad_1669,3406,421
ad_1670,440,15
ad_1671,3572,-45
ad_1672,2383,303
ad_1673,264,352
ad_1674,1154,46
ad_1675,117,130
ad_1676,3616,959
ad_1677,934,140
ad_1678,3337,918
ad_1679,3871,1296
ad_1680,2933,399
ad_1681,513,54
ad_1682,1668,613
ad_1683,4031,982
ad_1684,1634,626
ad_1685,1160,94
ad_1686,2964,625
ad_1687,20,115
ad_1688,4632,1262
ad_1689,2182,-21
ad_1690,1676,476
ad_1691,4288,633
ad_1692,4585,699
ad_1693,644,100
ad_1694,4092,1692
ad_1695,4919,1684
ad_1696,3110,1236
ad_1697,3331,1387
ad_1698,4830,-41
ad_1699,2169,897
ad_1700,3330,884
ad_1701,1913,157
ad_1702,4805,2173
ad_1703,3711,529
ad_1704,1380,119
ad_1705,1538,491
ad_1706,372,388
ad_1707,2669,154
ad_1708,727,4
ad_1709,707,194
ad_1710,4712,545
ad_1711,3882,319
ad_1712,158,64
ad_1713,3230,301
ad_1714,1323,-30
ad_1715,1020,304
ad_1716,4531,253
ad_1717,1978,139
ad_1718,1589,729
ad_1719,2931,790
ad_1720,4800,-17
ad_1721,298,147
ad_1722,1006,214
ad_1723,3611,1388
ad_1724,1228,506
ad_1725,407,426
ad_1726,3236,-10
ad_1727,4465,401
ad_1728,688,154
ad_1729,4687,-33
ad_1730,1865,420
ad_1731,1378,532
ad_1732,1092,79
ad_1733,4828,1754
ad_1734,1325,-5
ad_1735,1351,28
ad_1736,-40,31
ad_1737,953,425
ad_1738,2138,129
ad_1739,1225,606
ad_1740,3402,6
ad_1741,897,323
ad_1742,4371,-42
ad_1743,2526,488
ad_1744,1492,624
ad_1745,1917,-31
ad_1746,-5,36
ad_1747,3694,5
ad_1748,1706,223
ad_1749,1963,280
ad_1750,4940,1780
ad_1751,77,19
ad_1752,1358,-16
ad_1753,2976,210
ad_1754,89,36
ad_1755,2683,923
ad_1756,91,21
ad_1757,1845,473
ad_1758,2511,55
ad_1759,532,45
ad_1760,2750,501
ad_1761,183,89
ad_1762,1630,690
ad_1763,3210,354
ad_1764,2501,1085
ad_1765,1375,566
ad_1766,112,192
ad_1767,535,171
ad_1768,2530,1112
ad_1769,54,11
ad_1770,4874,1178
ad_1771,4845,-27
ad_1772,4241,1580
ad_1773,13,93
ad_1774,4090,1958
ad_1775,1733,287
ad_1776,511,41
ad_1777,-18,32
ad_1778,2059,592
ad_1779,3054,1409
ad_1780,873,256
ad_1781,422,192
ad_1782,2776,306
ad_1783,489,62
ad_1784,2394,765
ad_1785,4189,1738
ad_1786,3674,625
ad_1787,3896,1874
ad_1788,3769,1760
ad_1789,4358,1453
ad_1790,4731,2048
ad_1791,499,593
ad_1792,46,104
ad_1793,3148,1251
ad_1794,4963,-15
ad_1795,4009,1580
ad_1796,3837,754
ad_1797,703,263
ad_1798,3960,1489
ad_1799,4042,1335
ad_1800,1017,192
ad_1801,351,32
ad_1802,127,155
ad_1803,2247,312
ad_1804,425,15
ad_1805,4425,1130
ad_1806,1981,615
ad_1807,2894,487
ad_1808,3731,1747
ad_1809,3417,1153
ad_1810,4725,1970
ad_1811,2653,604
ad_1812,3772,850
ad_1813,4595,1938
ad_1814,444,57
ad_1815,66,92
ad_1816,3184,101
ad_1817,297,88
ad_1818,0,16
ad_1819,4878,-7
ad_1820,3277,238
ad_1821,374,427
ad_1822,2474,482
ad_1823,-18,29
ad_1824,3321,1513
ad_1825,451,140
ad_1826,779,200
ad_1827,3605,1741
ad_1828,4386,731
ad_1829,247,316
ad_1830,3358,-22
ad_1831,200,79
ad_1832,4810,724
ad_1833,861,384
ad_1834,1332,511
ad_1835,779,307
ad_1836,-45,30
ad_1837,2413,481
ad_1838,819,138
ad_1839,1379,-29
ad_1840,2944,-15
ad_1841,3868,396
ad_1842,2322,1128
ad_1843,3220,-27
ad_1844,4765,640
ad_1845,3062,247
ad_1846,3913,1931
ad_1847,1837,-2
ad_1848,2860,1042
ad_1849,1283,591
ad_1850,249,17
ad_1851,2617,129
ad_1852,432,457
ad_1853,487,580
ad_1854,4281,159
ad_1855,3182,915
ad_1856,3290,70
ad_1857,969,355
ad_1858,752,266
ad_1859,543,106
ad_1860,192,-8
ad_1861,3816,1055
ad_1862,432,488
ad_1863,4335,1343
ad_1864,236,256
ad_1865,-39,38
ad_1866,3196,1587
ad_1867,939,26
ad_1868,1951,916
ad_1869,2215,173
ad_1870,2807,155
ad_1871,0,41
ad_1872,0,45
ad_1873,3820,1114
ad_1874,551,245
ad_1875,3248,983
ad_1876,3523,1125
ad_1877,0,20
ad_1878,3213,1171
ad_1879,3845,1010
ad_1880,1247,96
ad_1881,381,123
ad_1882,4407,595
ad_1883,407,459
ad_1884,1579,653
ad_1885,1375,643
ad_1886,217,239
ad_1887,2410,-17
ad_1888,4624,837
ad_1889,2183,386
ad_1890,1119,338
ad_1891,4675,174
ad_1892,903,223
ad_1893,4812,1175
ad_1894,3312,1595
ad_1895,3452,406
ad_1896,4877,1503
ad_1897,2762,1198
ad_1898,3809,18
ad_1899,3464,498
ad_1900,4566,535
ad_1901,2020,193
ad_1902,756,134
ad_1903,265,79
ad_1904,4365,2165
ad_1905,678,105
ad_1906,-35,46
ad_1907,3501,1482
ad_1908,1223,560
ad_1909,4279,1459
ad_1910,371,90
ad_1911,4443,28
ad_1912,3890,399
ad_1913,4349,1618
ad_1914,3099,866
ad_1915,-19,37
ad_1916,2074,488
ad_1917,3108,1455
ad_1918,632,236
ad_1919,4772,2025
ad_1920,1780,38
ad_1921,4827,559
ad_1922,4686,1661
ad_1923,348,385
ad_1924,2972,-36
ad_1925,1299,31
ad_1926,3340,938
ad_1927,1727,678
ad_1928,3565,1237
ad_1929,3053,495
ad_1930,2144,850
ad_1931,3263,503
ad_1932,1789,-22
ad_1933,311,155
ad_1934,3277,671
ad_1935,1230,223
ad_1936,0,11
ad_1937,1111,311
ad_1938,4571,1815
ad_1939,3473,539
ad_1940,1306,251
ad_1941,3169,238
ad_1942,160,198
ad_1943,3313,1545
ad_1944,232,322
ad_1945,-37,38
ad_1946,3143,122
ad_1947,3560,-11
ad_1948,3834,362
ad_1949,3059,88
ad_1950,675,167
ad_1951,2201,790
ad_1952,382,400
ad_1953,4255,2044
ad_1954,4537,1333
ad_1955,184,-17
ad_1956,117,26
ad_1957,1099,528
ad_1958,4449,2049
ad_1959,4577,501
ad_1960,592,286
ad_1961,4231,1659
ad_1962,1058,155
ad_1963,1034,112
ad_1964,0,15
ad_1965,2795,672
ad_1966,3216,1475
ad_1967,4226,1515
ad_1968,2611,1046
ad_1969,3418,44
ad_1970,2247,753
ad_1971,2286,91
ad_1972,1078,154
ad_1973,3133,833
ad_1974,1962,923
ad_1975,868,414
ad_1976,562,160
ad_1977,2769,722
ad_1978,4930,1986
ad_1979,140,49
ad_1980,2308,859
ad_1981,3613,561
ad_1982,1865,862
ad_1983,2579,443
ad_1984,0,26
ad_1985,465,189
ad_1986,2871,801
ad_1987,4839,25
ad_1988,4012,1538
ad_1989,32,125
ad_1990,209,39
ad_1991,0,29
ad_1992,4122,1000
ad_1993,4184,1915
ad_1994,2950,751
ad_1995,2745,505
ad_1996,700,211
ad_1997,3657,44
ad_1998,2680,282
ad_1999,1399,501
ad_2000,4003,-17
ad_2001,3933,1460
ad_2002,2057,974
ad_2003,4802,1279
ad_2004,1467,-7
ad_2005,3725,530
ad_2006,4702,1403
ad_2007,2812,501
ad_2008,2501,682
ad_2009,4199,1870
ad_2010,299,311
ad_2011,1077,443
ad_2012,4677,2007
ad_2013,3685,1129
ad_2014,3832,1068
ad_2015,613,291
ad_2016,1568,418
ad_2017,4669,1991
ad_2018,4387,195
ad_2019,1342,543
ad_2020,4792,535
ad_2021,4633,2128
ad_2022,4227,1597
ad_2023,4733,451
ad_2024,0,26
ad_2025,2941,1104
ad_2026,1494,704
ad_2027,164,240
ad_2028,1258,385
ad_2029,218,21
ad_2030,2501,962
ad_2031,2110,166
ad_2032,3568,302
ad_2033,392,-6
ad_2034,1791,203
ad_2035,3224,501
ad_2036,2959,1021
ad_2037,4141,331
ad_2038,470,126
ad_2039,2764,1140
ad_2040,4166,1556
ad_2041,291,308
ad_2042,1068,517
ad_2043,0,13
ad_2044,3564,651
ad_2045,2706,438
ad_2046,3953,391
ad_2047,0,46
ad_2048,1026,181
ad_2049,1231,325
ad_2050,1820,256
ad_2051,4969,1644
ad_2052,3316,559
ad_2053,2727,586
ad_2054,1269,-29
ad_2055,2022,34
ad_2056,1252,537
ad_2057,-31,14
ad_2058,1461,346
ad_2059,213,80
ad_2060,2704,300
ad_2061,685,15
ad_2062,1216,310
ad_2063,3549,1577
ad_2064,2263,279
ad_2065,2276,42
ad_2066,2738,461
ad_2067,3015,313
ad_2068,3908,938
ad_2069,68,131
ad_2070,4630,2201
ad_2071,501,125
ad_2072,1495,545
ad_2073,3612,694
ad_2074,0,34
ad_2075,122,52
ad_2076,2106,391
ad_2077,294,70
ad_2078,960,477
ad_2079,904,357
ad_2080,-31,14
ad_2081,288,8
ad_2082,3857,330
ad_2083,1507,161
ad_2084,1908,738
ad_2085,2372,819
ad_2086,4023,1389
ad_2087,363,374
ad_2088,2355,558
ad_2089,2048,812
ad_2090,1650,-26
ad_2091,4169,46
ad_2092,1090,230
ad_2093,351,75
ad_2094,249,321
ad_2095,2175,735
ad_2096,519,-42
ad_2097,2387,937
ad_2098,2771,261
ad_2099,2290,854
ad_2100,1610,136
ad_2101,1293,252
ad_2102,54,20
ad_2103,0,16
ad_2104,880,300
ad_2105,1000,448
ad_2106,-42,43
ad_2107,3341,1325
ad_2108,725,278
ad_2109,0,17
ad_2110,3821,1084
ad_2111,-4,1
ad_2112,465,190
ad_2113,2874,387
ad_2114,4667,1617
ad_2115,3992,608
ad_2116,1713,626
ad_2117,2482,544
ad_2118,790,115
ad_2119,244,63
ad_2120,4789,1874
ad_2121,1471,562
ad_2122,2125,176
ad_2123,1718,695
ad_2124,3326,308
ad_2125,3177,1248
ad_2126,3562,310
ad_2127,3631,1387
ad_2128,1332,189
ad_2129,4920,-36
ad_2130,3476,1143
ad_2131,-43,15
ad_2132,849,231
ad_2133,2022,753
ad_2134,62,153
ad_2135,215,22
ad_2136,111,-11
ad_2137,2887,868
ad_2138,2425,748
ad_2139,609,206
ad_2140,3773,1829
ad_2141,4518,-33
ad_2142,4075,1750
ad_2143,259,287
ad_2144,147,206
ad_2145,1636,640
ad_2146,3674,973
ad_2147,0,17
ad_2148,2126,134
ad_2149,2223,342
ad_2150,2197,440
ad_2151,646,193
ad_2152,4925,2162
ad_2153,3298,232
ad_2154,-20,45
ad_2155,2943,388
ad_2156,3213,564
ad_2157,2324,209
ad_2158,59,-18
ad_2159,2642,603
ad_2160,1999,281
ad_2161,1809,344
ad_2162,4055,914
ad_2163,1278,409
ad_2164,1645,464
ad_2165,-19,49
ad_2166,4498,1910
ad_2167,2146,678
ad_2168,4638,1442
ad_2169,1048,143
ad_2170,4970,777
ad_2171,3537,608
ad_2172,2877,1300
ad_2173,1986,168
ad_2174,922,259
ad_2175,4068,112
ad_2176,1684,180
ad_2177,74,103
ad_2178,2106,1040
ad_2179,447,461
ad_2180,0,7
ad_2181,533,219
ad_2182,3219,186
ad_2183,745,248
ad_2184,4321,1171
ad_2185,4048,452
ad_2186,4787,845
ad_2187,978,380
ad_2188,148,43
ad_2189,4532,345
ad_2190,1088,258
ad_2191,1611,176
ad_2192,4992,794
ad_2193,1044,255
ad_2194,1732,134
ad_2195,4488,1192
ad_2196,2009,803
ad_2197,0,15
ad_2198,1959,-37
ad_2199,1738,185
ad_2200,3125,241
ad_2201,2016,828
ad_2202,3045,-46
ad_2203,4763,1421
ad_2204,1818,494
ad_2205,2994,913
ad_2206,1677,602
ad_2207,1462,280
ad_2208,3864,1692
ad_2209,4366,1901
ad_2210,4345,1108
ad_2211,3399,752
ad_2212,3496,854
ad_2213,4023,602
ad_2214,1504,464
ad_2215,706,229
ad_2216,447,489
ad_2217,3929,384
ad_2218,3942,1842
ad_2219,2532,-42
ad_2220,4172,1549
ad_2221,2347,1060
ad_2222,545,164
ad_2223,537,122
ad_2224,343,158
ad_2225,4061,1788
ad_2226,4092,464
ad_2227,4564,1871
ad_2228,484,131
ad_2229,1620,742
ad_2230,1456,72
ad_2231,195,246
ad_2232,4109,388
ad_2233,3111,354
ad_2234,1331,48
ad_2235,-11,38
ad_2236,0,37
ad_2237,3034,117
ad_2238,4046,1305
ad_2239,4328,1249
ad_2240,3360,-14
ad_2241,4848,8
ad_2242,242,-11
ad_2243,3921,1050
ad_2244,384,83
ad_2245,3590,480
ad_2246,4667,1455
ad_2247,-5,31
ad_2248,1831,547
ad_2249,384,459
ad_2250,4431,1575
ad_2251,4880,2315
ad_2252,-5,30
ad_2253,2454,560
ad_2254,3648,-5
ad_2255,4305,-21
ad_2256,1340,459
ad_2257,677,21
ad_2258,3984,379
ad_2259,457,13
ad_2260,3030,465
ad_2261,1758,612
ad_2262,4339,1709
ad_2263,347,105
ad_2264,2411,206
ad_2265,4756,689
ad_2266,52,74
ad_2267,575,165
ad_2268,1524,43
ad_2269,575,22
ad_2270,3347,1459
ad_2271,2526,537
ad_2272,3099,1381
ad_2273,241,102
ad_2274,3037,885
ad_2275,57,15
ad_2276,3844,699
ad_2277,2395,133
ad_2278,376,22
ad_2279,2766,1034
ad_2280,1680,518
ad_2281,3894,1719
ad_2282,922,278
ad_2283,362,12
ad_2284,2416,1020
ad_2285,1999,768
ad_2286,4305,124
ad_2287,2980,86
ad_2288,0,47
ad_2289,3926,227
ad_2290,2475,634
ad_2291,4729,366
ad_2292,2751,41
ad_2293,1821,780
ad_2294,3369,324
ad_2295,4962,1196
ad_2296,3165,1161
ad_2297,4006,843
ad_2298,81,179
ad_2299,422,464
ad_2300,572,39
ad_2301,3007,1268
ad_2302,314,41
ad_2303,1687,385
ad_2304,2098,433
ad_2305,2020,279
ad_2306,2470,280
ad_2307,1947,39
ad_2308,2218,50
ad_2309,4398,1116
ad_2310,3941,784
ad_2311,2552,1265
ad_2312,1714,600
ad_2313,3300,186
ad_2314,2011,699
ad_2315,-11,46
ad_2316,43,105
ad_2317,1047,243
ad_2318,4077,1807
ad_2319,209,247
ad_2320,4781,2091
ad_2321,4039,1512
ad_2322,1716,171
ad_2323,1680,303
ad_2324,4324,1287
ad_2325,1309,50
ad_2326,1885,617
ad_2327,2849,295
ad_2328,2763,633
ad_2329,939,174
ad_2330,2667,-19
ad_2331,448,75
ad_2332,1984,392
ad_2333,1919,617
ad_2334,4443,1716
ad_2335,550,66
ad_2336,4453,822
ad_2337,2308,193
ad_2338,1801,699
ad_2339,3075,867
ad_2340,1501,709
ad_2341,0,3
ad_2342,3769,1783
ad_2343,3317,991
ad_2344,3730,66
ad_2345,1731,111
ad_2346,184,77
ad_2347,4643,357
ad_2348,113,12
ad_2349,4691,781
ad_2350,4905,1468
ad_2351,3998,105
ad_2352,1643,125
ad_2353,538,235
ad_2354,771,115
ad_2355,3410,761
ad_2356,3594,1251
ad_2357,199,264
ad_2358,2551,498
ad_2359,1414,704
ad_2360,2688,1171
ad_2361,4519,1336
ad_2362,1710,340
ad_2363,-36,37
ad_2364,162,68
ad_2365,3511,10
ad_2366,2569,775
ad_2367,3283,1017
ad_2368,1837,-13
ad_2369,3703,737
ad_2370,2050,759
ad_2371,-7,8
ad_2372,811,-9
ad_2373,3136,993
ad_2374,142,234
ad_2375,922,133
ad_2376,2373,926
ad_2377,485,202
ad_2378,2290,103
ad_2379,1524,-32
ad_2380,3652,883
ad_2381,4875,2098
ad_2382,1742,516
ad_2383,4305,1086
ad_2384,3664,722
ad_2385,1991,312
ad_2386,763,110
ad_2387,550,221
ad_2388,630,281
ad_2389,4686,121
ad_2390,2886,596
ad_2391,4496,1959
ad_2392,1351,-7
ad_2393,2704,561
ad_2394,0,33
ad_2395,231,71
ad_2396,3519,-30
ad_2397,423,499
ad_2398,4700,14
ad_2399,529,-38
ad_2400,2539,673
ad_2401,2511,107
ad_2402,1230,292
ad_2403,3996,712
ad_2404,2035,626
ad_2405,4757,2360
ad_2406,1354,544
ad_2407,2998,913
ad_2408,4500,60
ad_2409,-24,5
ad_2410,-48,37
ad_2411,4330,199
ad_2412,4420,343
ad_2413,339,160
ad_2414,4474,306
ad_2415,3575,723
ad_2416,888,188
ad_2417,2018,721
ad_2418,1499,167
ad_2419,2013,545
ad_2420,3770,957
ad_2421,73,6
ad_2422,1883,160
ad_2423,497,94
ad_2424,206,4
ad_2425,3739,1420
ad_2426,4284,606
ad_2427,66,145
ad_2428,585,128
ad_2429,1149,509
ad_2430,3734,246
ad_2431,939,412
ad_2432,4450,1202
ad_2433,3823,670
ad_2434,964,-11
ad_2435,2894,438
ad_2436,4869,2418
ad_2437,3158,919
ad_2438,2122,-21
ad_2439,609,226
ad_2440,2827,612
ad_2441,717,174
ad_2442,0,36
ad_2443,2089,954
ad_2444,2502,514
ad_2445,3118,1409
ad_2446,4756,981
ad_2447,4445,1661
ad_2448,4152,947
ad_2449,420,152
ad_2450,1074,60
ad_2451,4679,2037
ad_2452,2152,513
ad_2453,1260,3
ad_2454,2106,958
ad_2455,1002,238
ad_2456,3821,666
ad_2457,4846,2212
ad_2458,4747,2363
ad_2459,3485,1056
ad_2460,2542,360
ad_2461,4431,757
ad_2462,2203,341
ad_2463,2153,787
ad_2464,73,32
ad_2465,595,33
ad_2466,-45,45
ad_2467,1084,253
ad_2468,1490,-34
ad_2469,3705,-15
ad_2470,4381,410
ad_2471,0,21
ad_2472,1092,445
ad_2473,4471,1093
ad_2474,2107,316
ad_2475,1698,6
ad_2476,180,83
ad_2477,2495,431
ad_2478,2397,1136
ad_2479,4521,78
ad_2480,4489,-34
ad_2481,4770,500
ad_2482,436,54
ad_2483,467,543
ad_2484,449,70
ad_2485,578,103
ad_2486,4721,312
ad_2487,4042,450
ad_2488,-22,41
ad_2489,4438,1297
ad_2490,2023,114
ad_2491,232,274
ad_2492,3047,757
ad_2493,3182,1408
ad_2494,457,4
ad_2495,847,339
ad_2496,3532,1435
ad_2497,3629,-12
ad_2498,1680,164
ad_2499,356,447
ad_2500,2576,832
ad_2501,4212,330
ad_2502,2742,814
ad_2503,2535,532
ad_2504,647,49
ad_2505,1072,471
ad_2506,2452,932
ad_2507,4987,2326
ad_2508,4298,2046
ad_2509,457,90
ad_2510,4564,688
ad_2511,1828,19
ad_2512,555,273
ad_2513,970,76
ad_2514,2109,30
ad_2515,-20,16
ad_2516,760,142
ad_2517,4268,1205
ad_2518,3074,1006
ad_2519,1112,407
ad_2520,285,340
ad_2521,0,44
ad_2522,4129,729
ad_2523,3225,1032
ad_2524,2199,248
ad_2525,4822,176
ad_2526,2618,488
ad_2527,939,350
ad_2528,2829,626
ad_2529,4441,1549
ad_2530,3813,66
ad_2531,2567,8
ad_2532,3836,1745
ad_2533,2431,227
ad_2534,1417,452
ad_2535,665,102
ad_2536,-8,3
ad_2537,4509,744
ad_2538,4314,492
ad_2539,3666,1443
ad_2540,0,35
ad_2541,4355,-44
ad_2542,3340,740
ad_2543,190,285
ad_2544,1524,411
ad_2545,1496,635
ad_2546,1077,294
ad_2547,4096,1282
ad_2548,869,151
ad_2549,1357,172
ad_2550,3624,1423
ad_2551,1856,419
ad_2552,3850,1203
ad_2553,264,98
ad_2554,4641,1570
ad_2555,3676,914
ad_2556,2071,200
ad_2557,1048,78
ad_2558,314,402
ad_2559,-37,40
ad_2560,1023,476
ad_2561,3210,-46
ad_2562,3415,1565
ad_2563,633,274
ad_2564,4895,1634
ad_2565,4364,1875
ad_2566,4431,1209
ad_2567,201,35
ad_2568,3316,-43
ad_2569,3982,338
ad_2570,2699,335
ad_2571,3144,1218
ad_2572,2002,845
ad_2573,0,41
ad_2574,4649,199
ad_2575,1626,693
ad_2576,-24,10
ad_2577,-3,38
ad_2578,1964,360
ad_2579,3536,842
ad_2580,4611,897
ad_2581,4691,1721
ad_2582,2417,272
ad_2583,-40,19
ad_2584,687,302
ad_2585,4292,1939
ad_2586,3828,955
ad_2587,924,66
ad_2588,3347,-29
ad_2589,4990,-40
ad_2590,266,290
ad_2591,3696,378
ad_2592,3253,1176
ad_2593,2016,-27
ad_2594,3628,-7
ad_2595,4832,-47
ad_2596,2506,537
ad_2597,4613,1825
ad_2598,1963,967
ad_2599,3002,828
ad_2600,4088,233
ad_2601,1146,320
ad_2602,1129,386
ad_2603,3485,1417
ad_2604,-34,28
ad_2605,2615,868
ad_2606,-11,45
ad_2607,2918,1160
ad_2608,3643,1382
ad_2609,179,55
ad_2610,3561,834
ad_2611,3683,1504
ad_2612,2785,-3
ad_2613,4711,966
ad_2614,4893,979
ad_2615,157,-2
ad_2616,350,414
ad_2617,1398,575
ad_2618,3099,1103
ad_2619,1016,15
ad_2620,-10,16
ad_2621,3522,1476
ad_2622,3331,1022
ad_2623,4964,1708
ad_2624,4226,168
ad_2625,1794,570
ad_2626,3365,1291
ad_2627,2308,96
ad_2628,4275,1648
ad_2629,336,351
ad_2630,3924,341
ad_2631,864,142
ad_2632,4443,-18
ad_2633,3333,1327
ad_2634,3815,85
ad_2635,3718,874
ad_2636,4827,2179
ad_2637,2276,520
ad_2638,2861,418
ad_2639,385,149
ad_2640,644,280
ad_2641,1990,632
ad_2642,60,26
ad_2643,2601,454
ad_2644,3531,342
ad_2645,3174,758
ad_2646,4089,-42
ad_2647,1919,420
ad_2648,2205,1068
ad_2649,1355,26
ad_2650,1481,682
ad_2651,1139,83
ad_2652,139,69
ad_2653,3435,851
ad_2654,733,227
ad_2655,866,374
ad_2656,3847,670
ad_2657,225,17
ad_2658,1179,84
ad_2659,1663,329
ad_2660,4524,1239
ad_2661,2701,242
ad_2662,1929,211
ad_2663,1207,-21
ad_2664,3645,870
ad_2665,345,29
ad_2666,2472,596
ad_2667,1921,612
ad_2668,4804,1990
ad_2669,2103,609
ad_2670,1519,424
ad_2671,2898,1353
ad_2672,1829,844
ad_2673,1443,478
ad_2674,1113,305
ad_2675,4992,506
ad_2676,4443,147
ad_2677,3470,1031
ad_2678,1916,353
ad_2679,-16,3
ad_2680,3409,506
ad_2681,3862,734
ad_2682,3580,1644
ad_2683,279,330
ad_2684,4868,980
ad_2685,216,30
ad_2686,3920,428
ad_2687,3164,496
ad_2688,-15,38
ad_2689,0,16
ad_2690,3419,475
ad_2691,2840,711
ad_2692,-40,45
ad_2693,2205,942
ad_2694,3435,951
ad_2695,469,499
ad_2696,37,121
ad_2697,3853,1577
ad_2698,2340,892
ad_2699,872,218
ad_2700,1963,455
ad_2701,257,287
ad_2702,3794,1246
ad_2703,4041,1702
ad_2704,4663,42
ad_2705,473,108
ad_2706,4721,1256
ad_2707,4378,1296
ad_2708,4994,2382
ad_2709,2826,623
ad_2710,-3,7
ad_2711,1871,353
ad_2712,4361,768
ad_2713,1803,152
ad_2714,4407,1288
ad_2715,2504,728
ad_2716,3992,1549
ad_2717,2777,850
ad_2718,866,57
ad_2719,4153,228
ad_2720,4290,575
ad_2721,697,222
ad_2722,2054,104
ad_2723,1811,485
ad_2724,2324,329
ad_2725,2092,453
ad_2726,4381,35
ad_2727,3181,1395
ad_2728,2661,215
ad_2729,2955,395
ad_2730,2492,1233
ad_2731,3751,759
ad_2732,4462,729
ad_2733,3111,677
ad_2734,1852,-1
ad_2735,605,221
ad_2736,768,356
ad_2737,4426,99
ad_2738,2584,841
ad_2739,0,48
ad_2740,4473,-25
ad_2741,1419,616
ad_2742,130,197
ad_2743,2717,1036
ad_2744,2891,511
ad_2745,1264,34
ad_2746,0,36
ad_2747,224,306
ad_2748,2397,418
ad_2749,3203,1528
ad_2750,2137,1056
ad_2751,2037,315
ad_2752,2376,-47
ad_2753,654,159
ad_2754,948,373
ad_2755,1501,701
ad_2756,4152,1045
ad_2757,3723,1215
ad_2758,3926,1348
ad_2759,2190,5
ad_2760,3418,681
ad_2761,2399,986
ad_2762,2706,-39
ad_2763,2296,726
ad_2764,2468,496
ad_2765,2284,443
ad_2766,3525,230
ad_2767,2345,66
ad_2768,4138,1303
ad_2769,4617,179
ad_2770,135,229
ad_2771,2915,868
ad_2772,1258,458
ad_2773,0,21
ad_2774,1878,920
ad_2775,1764,260
ad_2776,706,276
ad_2777,1824,127
ad_2778,3650,847
ad_2779,674,93
ad_2780,3087,415
ad_2781,3294,1495
ad_2782,3977,1076
ad_2783,552,190
ad_2784,-33,7
ad_2785,3974,1508
ad_2786,111,30
ad_2787,3993,1166
ad_2788,282,20
ad_2789,3480,-23
ad_2790,2886,1348
ad_2791,3884,1220
ad_2792,332,20
ad_2793,3364,1116
ad_2794,140,207
ad_2795,219,234
ad_2796,1597,297
ad_2797,987,328
ad_2798,1763,-45
ad_2799,3910,1215
ad_2800,4494,1215
ad_2801,3070,-47
ad_2802,3576,424
ad_2803,2175,317
ad_2804,4814,828
ad_2805,387,101
ad_2806,4803,-11
ad_2807,4149,1755
ad_2808,4025,323
ad_2809,2081,1023
ad_2810,4835,1282
ad_2811,3247,405
ad_2812,449,64
ad_2813,1501,693
ad_2814,3529,712
ad_2815,1502,606
ad_2816,3874,30
ad_2817,4209,341
ad_2818,2033,653
ad_2819,87,32
ad_2820,4247,1828
ad_2821,-45,7
ad_2822,2800,1265
ad_2823,4328,46
ad_2824,4992,239
ad_2825,2065,770
ad_2826,-26,16
ad_2827,2208,82
ad_2828,3058,924
ad_2829,641,313
ad_2830,2199,70
ad_2831,18,80
ad_2832,4077,1145
ad_2833,2005,394
ad_2834,2525,690
ad_2835,4537,1399
ad_2836,960,29
ad_2837,3020,503
ad_2838,599,258
ad_2839,4125,369
ad_2840,4174,2024
ad_2841,2846,427
ad_2842,3269,106
ad_2843,2906,208
ad_2844,2095,757
ad_2845,657,95
ad_2846,2343,585
ad_2847,1344,273
ad_2848,2888,992
ad_2849,433,207
ad_2850,3562,708
ad_2851,793,359
ad_2852,4173,35
ad_2853,4651,-24
ad_2854,1331,220
ad_2855,3817,909
ad_2856,4972,-20
ad_2857,1950,689
ad_2858,2417,961
ad_2859,3526,914
ad_2860,2321,356
ad_2861,2059,856
ad_2862,46,98
ad_2863,2597,1285
ad_2864,1622,625
ad_2865,2770,1236
ad_2866,4390,1786
ad_2867,1252,594
ad_2868,-24,29
ad_2869,2326,879
ad_2870,1771,-7
ad_2871,2015,609
ad_2872,1717,566
ad_2873,2238,-4
ad_2874,4005,1472
ad_2875,2532,742
ad_2876,3741,253
ad_2877,1915,605
ad_2878,3332,1651
ad_2879,562,10
ad_2880,1595,455
ad_2881,1044,43
ad_2882,1008,432
ad_2883,646,149
ad_2884,371,54
ad_2885,359,419
ad_2886,4996,2295
ad_2887,236,258
ad_2888,1424,250
ad_2889,1671,496
ad_2890,1969,779
ad_2891,1496,646
ad_2892,4731,220
ad_2893,1350,652
ad_2894,2622,335
ad_2895,1247,442
ad_2896,4492,34
ad_2897,0,37
ad_2898,3905,26
ad_2899,1064,484
ad_2900,2082,271
ad_2901,4217,1758
ad_2902,2161,322
ad_2903,4835,584
ad_2904,-7,12
ad_2905,802,274
ad_2906,4122,1589
ad_2907,3739,263
ad_2908,3451,1627
ad_2909,3292,936
ad_2910,1657,741
ad_2911,266,310
ad_2912,4923,843
ad_2913,2389,1179
ad_2914,4364,763
ad_2915,4667,192
ad_2916,3511,-48
ad_2917,2989,159
ad_2918,4118,39
ad_2919,4307,976
ad_2920,3379,1616
ad_2921,3652,1789
ad_2922,2058,329
ad_2923,3419,1189
ad_2924,4265,768
ad_2925,340,151
ad_2926,3403,236
ad_2927,-40,40
ad_2928,1622,436
ad_2929,3637,27
ad_2930,381,25
ad_2931,1850,-12
ad_2932,2500,116
ad_2933,2337,1133
ad_2934,214,-39
ad_2935,3779,1646
ad_2936,2637,959
ad_2937,3510,637
ad_2938,4458,1371
ad_2939,2590,487
ad_2940,2146,776
ad_2941,226,23
ad_2942,1318,38
ad_2943,4505,1978
ad_2944,133,54
ad_2945,3379,425
ad_2946,2431,255
ad_2947,4235,1686
ad_2948,4143,791
ad_2949,4567,1682
ad_2950,4230,1789
ad_2951,3904,435
ad_2952,2800,924
ad_2953,1232,88
ad_2954,3360,52
ad_2955,1300,498
ad_2956,1567,250
ad_2957,4726,784
ad_2958,2677,55
ad_2959,2476,818
ad_2960,2541,1089
ad_2961,1028,192
ad_2962,2343,961
ad_2963,2662,198
ad_2964,497,199
ad_2965,3360,628
ad_2966,-21,21
ad_2967,1955,5
ad_2968,4735,-27
ad_2969,-16,42
ad_2970,3603,1754
ad_2971,166,40
ad_2972,4739,1424
ad_2973,3300,552
ad_2974,2348,929
ad_2975,807,-31
ad_2976,364,454
ad_2977,1216,417
ad_2978,2255,1045
ad_2979,202,233
ad_2980,1804,35
ad_2981,1750,521
ad_2982,3885,590
ad_2983,4702,944
ad_2984,4563,472
ad_2985,2142,454
ad_2986,4187,202
ad_2987,2395,366
ad_2988,3220,558
ad_2989,2500,651
ad_2990,204,81
ad_2991,4757,2035
ad_2992,545,68
ad_2993,4455,72
ad_2994,4584,1458
ad_2995,159,31
ad_2996,542,145
ad_2997,4522,1005
ad_2998,4898,2389
ad_2999,2062,168
ad_3000,2977,572
ad_3001,1042,320
ad_3002,4834,1879
ad_3003,4544,1223
ad_3004,4726,-37
ad_3005,1028,358
ad_3006,1974,609
ad_3007,995,454
ad_3008,210,268
ad_3009,3006,734
ad_3010,2787,257
ad_3011,1508,637
ad_3012,1853,303
ad_3013,3852,953
ad_3014,453,474
ad_3015,256,106
ad_3016,2276,18
ad_3017,4161,860
ad_3018,2544,1251
ad_3019,-27,33
ad_3020,3442,358
ad_3021,989,422
ad_3022,2720,546
ad_3023,674,308
ad_3024,3067,1122
ad_3025,4880,1899
ad_3026,3607,1031
ad_3027,3788,1870
ad_3028,385,40
ad_3029,4592,1700
ad_3030,4540,492
ad_3031,1055,114
ad_3032,2044,900
ad_3033,696,305
ad_3034,2209,134
ad_3035,2095,496
ad_3036,2533,103
ad_3037,4380,1794
ad_3038,2208,194
ad_3039,4538,1669
ad_3040,2091,-22
ad_3041,2481,387
ad_3042,4397,985
ad_3043,440,452
ad_3044,2935,549
ad_3045,2040,174
ad_3046,1333,38
ad_3047,4057,1860
ad_3048,3481,152
ad_3049,4835,524
ad_3050,1109,204
ad_3051,0,26
ad_3052,116,57
ad_3053,478,501
ad_3054,3269,838
ad_3055,1716,-36
ad_3056,3262,-17
ad_3057,3010,-1
ad_3058,1664,619
ad_3059,2814,85
ad_3060,1722,311
ad_3061,3908,462
ad_3062,813,276
ad_3063,4902,1886
ad_3064,2955,1384
ad_3065,1387,337
ad_3066,2825,111
ad_3067,3083,1084
ad_3068,3119,-42
ad_3069,1975,101
ad_3070,817,34
ad_3071,1045,107
ad_3072,573,45
ad_3073,2934,124
ad_3074,1187,38
ad_3075,115,135
ad_3076,0,12
ad_3077,1324,295
ad_3078,360,413
ad_3079,2434,863
ad_3080,2284,1097
ad_3081,4440,772
ad_3082,2530,171
ad_3083,877,171
ad_3084,3003,920
ad_3085,3005,998
ad_3086,4058,1810
ad_3087,580,200
ad_3088,1068,449
ad_3089,85,179
ad_3090,4218,652
ad_3091,1102,528
ad_3092,747,115
ad_3093,2458,1095
ad_3094,4300,1771
ad_3095,2888,1366
ad_3096,1886,116
ad_3097,1987,655
ad_3098,0,17
ad_3099,1995,679
ad_3100,3019,776
ad_3101,246,97
ad_3102,3941,824
ad_3103,1291,192
ad_3104,3517,728
ad_3105,4224,1452
ad_3106,2784,182
ad_3107,1179,380
ad_3108,4273,1375
ad_3109,3512,372
ad_3110,2422,403
ad_3111,3289,780
ad_3112,3610,-16
ad_3113,3405,709
ad_3114,3858,47
ad_3115,4784,2077
ad_3116,216,9
ad_3117,4665,2023
ad_3118,1710,269
ad_3119,4783,608
ad_3120,204,252
ad_3121,2103,798
ad_3122,4060,1094
ad_3123,2753,1251
ad_3124,208,52
ad_3125,1620,542
ad_3126,3193,742
ad_3127,3292,-11
ad_3128,3873,957
ad_3129,1484,186
ad_3130,2697,770
ad_3131,4077,1439
ad_3132,491,524
ad_3133,2666,519
ad_3134,1884,260
ad_3135,1069,534
ad_3136,3777,782
ad_3137,3762,476
ad_3138,683,4
ad_3139,3215,421
ad_3140,2493,499
ad_3141,679,218
ad_3142,567,156
ad_3143,2097,156
ad_3144,-9,40
ad_3145,1326,618
ad_3146,2978,1249
ad_3147,4853,-43
ad_3148,4664,1823
ad_3149,3797,1164
ad_3150,935,277
ad_3151,3005,641
ad_3152,1678,223
ad_3153,2151,176
ad_3154,2356,482
ad_3155,696,99
ad_3156,287,317
ad_3157,4220,714
ad_3158,4846,1528
ad_3159,4623,2006
ad_3160,2188,238
ad_3161,0,9
ad_3162,2641,836
ad_3163,4533,1479
ad_3164,1176,444
ad_3165,2372,724
ad_3166,2577,546
ad_3167,0,12
ad_3168,3598,1111
ad_3169,-13,40
ad_3170,2282,829
ad_3171,4290,1422
ad_3172,1843,269
ad_3173,1326,22
ad_3174,4131,1503
ad_3175,3531,1614
ad_3176,3699,149
ad_3177,2693,1305
ad_3178,1284,380
ad_3179,3559,-22
ad_3180,2467,727
ad_3181,3173,1136
ad_3182,188,18
ad_3183,3593,1013
ad_3184,4374,2061
ad_3185,0,7
ad_3186,1958,511
ad_3187,441,99
ad_3188,2502,-46
ad_3189,185,242
ad_3190,1557,469
ad_3191,699,330
ad_3192,931,82
ad_3193,4384,1630
ad_3194,0,11
ad_3195,2000,825
ad_3196,0,32
ad_3197,4146,1213
ad_3198,2732,517
ad_3199,2348,917
ad_3200,3055,339
ad_3201,4661,332
ad_3202,204,20
ad_3203,541,40
ad_3204,3908,444
ad_3205,2917,1206
ad_3206,4273,513
ad_3207,4252,482
ad_3208,3749,1255
ad_3209,3910,649
ad_3210,4480,2012
ad_3211,211,308
ad_3212,4933,1087
ad_3213,2688,275
ad_3214,3930,1271
ad_3215,1505,493
ad_3216,624,165
ad_3217,29,74
ad_3218,3759,677
ad_3219,1131,447
ad_3220,875,4
ad_3221,-31,17
ad_3222,4749,1858
ad_3223,3361,784
ad_3224,911,160
ad_3225,0,25
ad_3226,3605,1640
ad_3227,4327,1015
ad_3228,714,294
ad_3229,322,139
ad_3230,492,212
ad_3231,4953,1376
ad_3232,2621,738
ad_3233,0,31
ad_3234,2203,338
ad_3235,3799,1312
ad_3236,-45,33
ad_3237,3802,1091
ad_3238,1383,566
ad_3239,242,294
ad_3240,4375,804
ad_3241,4551,1023
ad_3242,-39,24
ad_3243,3484,657
ad_3244,238,271
ad_3245,979,150
ad_3246,3104,1526
ad_3247,479,238
ad_3248,4078,1353
ad_3249,3120,722
ad_3250,2131,875
ad_3251,3675,1114
ad_3252,628,41
ad_3253,152,76
ad_3254,763,201
ad_3255,4680,411
ad_3256,1378,265
ad_3257,711,343
ad_3258,-48,1
ad_3259,4249,1846
ad_3260,2786,1346
ad_3261,1654,740
ad_3262,3086,147
ad_3263,0,21
ad_3264,4595,1807
ad_3265,2954,894
ad_3266,342,413
ad_3267,4695,-15
ad_3268,66,158
ad_3269,4744,1612
ad_3270,1314,423
ad_3271,2594,-45
ad_3272,-39,14
ad_3273,4359,1938
ad_3274,831,239
ad_3275,652,308
ad_3276,4747,228
ad_3277,2546,1019
ad_3278,562,140
ad_3279,881,209
ad_3280,3501,1570
ad_3281,0,35
ad_3282,465,119
ad_3283,2720,118
ad_3284,3014,636
ad_3285,2877,436
ad_3286,311,388
ad_3287,4355,729
ad_3288,4126,937
ad_3289,2470,1227
ad_3290,68,125
ad_3291,4110,791
ad_3292,2251,1050
ad_3293,3008,1192
ad_3294,1504,707
ad_3295,2125,655
ad_3296,635,94
ad_3297,4839,28
ad_3298,1655,103
ad_3299,2190,-21
ad_3300,695,-33
ad_3301,3679,1139
ad_3302,-40,39
ad_3303,4210,1428
ad_3304,1557,434
ad_3305,100,137
ad_3306,411,140
ad_3307,3012,224
ad_3308,256,297
ad_3309,1190,416
ad_3310,2767,153
ad_3311,4249,135
ad_3312,4415,326
ad_3313,619,52
ad_3314,1491,95
ad_3315,2362,1118
ad_3316,321,372
ad_3317,1292,374
ad_3318,1133,170
ad_3319,2744,1207
ad_3320,4222,766
ad_3321,3782,1680
ad_3322,2643,767
ad_3323,4624,1778
ad_3324,554,215
ad_3325,607,86
ad_3326,164,13
ad_3327,466,58
ad_3328,4506,571
ad_3329,2178,-21
ad_3330,303,349
ad_3331,3181,1208
ad_3332,1262,175
ad_3333,2359,-35
ad_3334,1853,139
ad_3335,1969,899
ad_3336,1066,485
ad_3337,2370,605
ad_3338,341,136
ad_3339,2795,304
ad_3340,-46,15
ad_3341,2115,359
ad_3342,3731,1515
ad_3343,3901,185
ad_3344,3840,269
ad_3345,3896,1805
ad_3346,4573,81
ad_3347,1316,383
ad_3348,600,17
ad_3349,1457,346
ad_3350,778,377
ad_3351,3344,1155
ad_3352,3362,247
ad_3353,3868,1061
ad_3354,215,311
ad_3355,1617,174
ad_3356,3816,334
ad_3357,1925,492
ad_3358,2307,1107
ad_3359,4581,1809
ad_3360,4429,-49
ad_3361,4627,1672
ad_3362,1536,45
ad_3363,1211,275
ad_3364,4166,1043
ad_3365,1334,49
ad_3366,429,26
ad_3367,2406,713
ad_3368,2241,686
ad_3369,2197,158
ad_3370,4455,866
ad_3371,2450,1018
ad_3372,1523,232
ad_3373,169,24
ad_3374,1014,-11
ad_3375,398,195
ad_3376,811,223
ad_3377,1247,621
ad_3378,2279,321
ad_3379,1838,905
ad_3380,2943,34
ad_3381,2984,1259
ad_3382,-23,36
ad_3383,3321,471
ad_3384,2197,768
ad_3385,3731,1447
ad_3386,-19,41
ad_3387,126,225
ad_3388,4380,948
ad_3389,3545,1694
ad_3390,4374,1260
ad_3391,158,165
ad_3392,897,19
ad_3393,978,429
ad_3394,2913,709
ad_3395,1207,429
ad_3396,4482,1991
ad_3397,1225,15
ad_3398,0,3
ad_3399,2654,247
ad_3400,710,138
ad_3401,3145,1326
ad_3402,4337,1499
ad_3403,387,77
ad_3404,280,341
ad_3405,3399,1043
ad_3406,2076,350
ad_3407,3683,-9
ad_3408,340,-33
ad_3409,466,195
ad_3410,1153,501
ad_3411,2652,56
ad_3412,3195,123
ad_3413,2376,148
ad_3414,3351,1177
ad_3415,4872,410
ad_3416,1674,463
ad_3417,3625,1449
ad_3418,3932,-25
ad_3419,2431,457
ad_3420,1475,603
ad_3421,439,525
ad_3422,1581,5
ad_3423,3456,1345
ad_3424,3576,944
ad_3425,2434,378
ad_3426,4934,1463
ad_3427,2047,269
ad_3428,4589,1575
ad_3429,1268,478
ad_3430,2013,122
ad_3431,1510,710
ad_3432,323,359
ad_3433,1986,79
ad_3434,589,140
ad_3435,4049,1726
ad_3436,4861,1755
ad_3437,1560,737
ad_3438,343,-23
ad_3439,1555,202
ad_3440,317,134
ad_3441,1146,473
ad_3442,1909,415
ad_3443,4213,2051
ad_3444,2332,908
ad_3445,2984,1259
ad_3446,1748,488
ad_3447,2758,711
ad_3448,1467,663
ad_3449,0,22
ad_3450,-19,1
ad_3451,2470,447
ad_3452,3155,1116
ad_3453,4272,2038
ad_3454,2369,575
ad_3455,1608,-42
ad_3456,2883,866
ad_3457,4774,255
ad_3458,2417,799
ad_3459,-23,20
ad_3460,3268,1346
ad_3461,1835,543
ad_3462,1419,563
ad_3463,1905,629
ad_3464,3771,835
ad_3465,1657,694
ad_3466,43,63
ad_3467,250,82
ad_3468,3311,1326
ad_3469,3842,1867
ad_3470,923,-4
ad_3471,1826,138
ad_3472,2562,522
ad_3473,2864,493
ad_3474,2122,-40
ad_3475,4912,544
ad_3476,2068,92
ad_3477,3539,1613
ad_3478,2210,952
ad_3479,61,17
ad_3480,4341,272
ad_3481,3752,245
ad_3482,3725,1231
ad_3483,1248,474
ad_3484,3823,1504
ad_3485,3695,1834
ad_3486,4765,2301
ad_3487,0,35
ad_3488,2495,1064
ad_3489,2018,-24
ad_3490,3705,1738
ad_3491,1747,290
ad_3492,823,291
ad_3493,211,18
ad_3494,4911,1866
ad_3495,143,24
ad_3496,1437,50
ad_3497,3569,135
ad_3498,298,314
ad_3499,454,544
ad_3500,591,59
ad_3501,4118,1335
ad_3502,2820,90
ad_3503,4517,1315
ad_3504,4237,1622
ad_3505,3217,1089
ad_3506,-5,12
ad_3507,1245,605
ad_3508,4623,771
ad_3509,3139,954
ad_3510,4864,364
ad_3511,3130,1205
ad_3512,4376,193
ad_3513,2321,1043
ad_3514,1196,8
ad_3515,3749,802
ad_3516,4597,1532
ad_3517,2688,663
ad_3518,1870,786
ad_3519,444,491
ad_3520,2422,405
ad_3521,3915,910
ad_3522,2345,94
ad_3523,167,198
ad_3524,173,40
ad_3525,3060,1209
ad_3526,222,88
ad_3527,2997,967
ad_3528,0,46
ad_3529,-19,49
ad_3530,4723,409
ad_3531,3776,1230
ad_3532,3060,783
ad_3533,3869,1825
ad_3534,623,45
ad_3535,2346,723
ad_3536,0,45
ad_3537,4740,1239
ad_3538,-45,1
ad_3539,2741,1001
ad_3540,1146,471
ad_3541,4837,981
ad_3542,1746,731
ad_3543,-14,0
ad_3544,4072,1386
ad_3545,328,393
ad_3546,4721,1797
ad_3547,2321,600
ad_3548,2356,70
ad_3549,1522,366
ad_3550,4527,123
ad_3551,248,281
ad_3552,1009,192
ad_3553,0,39
ad_3554,1264,545
ad_3555,2141,508
ad_3556,1684,463
ad_3557,2418,256
ad_3558,35,92
ad_3559,2870,-1
ad_3560,57,20
ad_3561,944,210
ad_3562,1593,512
ad_3563,3981,1436
ad_3564,3559,503
ad_3565,486,107
ad_3566,4304,1657
ad_3567,-48,39
ad_3568,3693,593
ad_3569,864,54
ad_3570,3159,1192
ad_3571,-32,22
ad_3572,3983,-18
ad_3573,1367,524
ad_3574,573,26
ad_3575,4473,1399
ad_3576,2631,1310
ad_3577,3329,1247
ad_3578,1699,391
ad_3579,272,321
ad_3580,-33,42
ad_3581,767,325
ad_3582,149,219
ad_3583,1531,740
ad_3584,4794,665
ad_3585,2276,757
ad_3586,2718,809
ad_3587,1588,92
ad_3588,723,146
ad_3589,1594,795
ad_3590,944,59
ad_3591,1283,286
ad_3592,743,291
ad_3593,1554,275
ad_3594,233,106
ad_3595,458,104
ad_3596,-35,38
ad_3597,1536,145
ad_3598,0,32
ad_3599,4349,1273
ad_3600,360,50
ad_3601,4863,694
ad_3602,4324,187
ad_3603,3996,590
ad_3604,4763,1188
ad_3605,917,454
ad_3606,937,278
ad_3607,720,197
ad_3608,200,249
ad_3609,1128,75
ad_3610,1975,572
ad_3611,838,70
ad_3612,-1,17
ad_3613,4066,2027
ad_3614,3865,-2
ad_3615,1923,31
ad_3616,4525,204
ad_3617,1896,862
ad_3618,3720,1198
ad_3619,3431,1590
ad_3620,3362,365
ad_3621,185,14
ad_3622,1213,538
ad_3623,2898,694
ad_3624,3867,1001
ad_3625,4191,912
ad_3626,2117,779
ad_3627,1491,121
ad_3628,911,339
ad_3629,429,22
ad_3630,2330,586
ad_3631,1549,313
ad_3632,3648,707
ad_3633,1631,61
ad_3634,1495,520
ad_3635,1404,104
ad_3636,3230,333
ad_3637,0,35
ad_3638,1334,595
ad_3639,1800,-49
ad_3640,-44,40
ad_3641,1003,280
ad_3642,1471,507
ad_3643,3160,1230
ad_3644,3650,1361
ad_3645,1491,359
ad_3646,1666,149
ad_3647,2040,-24
ad_3648,666,250
ad_3649,3631,14
ad_3650,130,228
ad_3651,1704,52
ad_3652,744,166
ad_3653,3747,-9
ad_3654,3404,455
ad_3655,887,234
ad_3656,2333,957
ad_3657,3549,884
ad_3658,2249,295
ad_3659,4384,1039
ad_3660,3288,1283
ad_3661,174,80
ad_3662,4295,1928
ad_3663,4525,1709
ad_3664,4674,2097
ad_3665,1552,187
ad_3666,2509,1177
ad_3667,2937,291
ad_3668,3835,1246
ad_3669,90,34
ad_3670,3391,1351
ad_3671,1505,306
ad_3672,0,32
ad_3673,4084,64
ad_3674,122,30
ad_3675,3040,-5
ad_3676,423,196
ad_3677,3315,1634
ad_3678,2567,826
ad_3679,3678,252
ad_3680,1691,153
ad_3681,4731,2257
ad_3682,211,284
ad_3683,2479,141
ad_3684,3500,1097
ad_3685,2714,255
ad_3686,3309,1377
ad_3687,1459,430
ad_3688,1537,2
ad_3689,3302,1432
ad_3690,1448,478
ad_3691,3224,420
ad_3692,2447,820
ad_3693,1771,286
ad_3694,3442,448
ad_3695,-15,40
ad_3696,2378,503
ad_3697,3793,609
ad_3698,2070,390
ad_3699,3535,1127
ad_3700,3254,864
ad_3701,208,229
ad_3702,4919,757
ad_3703,2103,362
ad_3704,115,46
ad_3705,-47,5
ad_3706,4398,1080
ad_3707,77,17
ad_3708,1696,144
ad_3709,0,8
ad_3710,453,475
ad_3711,4539,1470
ad_3712,2337,324
ad_3713,3928,1485
ad_3714,-48,41
ad_3715,263,310
ad_3716,1569,553
ad_3717,2896,319
ad_3718,2760,805
ad_3719,1241,590
ad_3720,1811,152
ad_3721,3580,73
ad_3722,1832,448
ad_3723,3792,609
ad_3724,853,380
ad_3725,4687,2045
ad_3726,530,44
ad_3727,65,162
ad_3728,580,177
ad_3729,-10,38
ad_3730,4953,2162
ad_3731,3419,992
ad_3732,76,3
ad_3733,985,293
ad_3734,4858,-14
ad_3735,2606,498
ad_3736,4295,-10
ad_3737,3394,-39
ad_3738,1029,-28
ad_3739,3974,1223
ad_3740,1221,88
ad_3741,254,11
ad_3742,3877,1773
ad_3743,4886,294
ad_3744,3284,1530
ad_3745,46,54
ad_3746,2547,290
ad_3747,2020,961
ad_3748,-40,45
ad_3749,3286,104
ad_3750,1256,550
ad_3751,607,89
ad_3752,4130,998
ad_3753,1880,524
ad_3754,3297,1230
ad_3755,388,95
ad_3756,0,18
ad_3757,1436,70
ad_3758,1241,31
ad_3759,2136,488
ad_3760,2034,672
ad_3761,4131,117
ad_3762,4733,2281
ad_3763,825,391
ad_3764,4354,97
ad_3765,4760,1388
ad_3766,4437,1006
ad_3767,1432,673
ad_3768,3724,305
ad_3769,2327,610
ad_3770,409,414
ad_3771,2461,67
ad_3772,2777,246
ad_3773,2256,842
ad_3774,1515,706
ad_3775,641,86
ad_3776,929,253
ad_3777,4325,1969
ad_3778,3957,598
ad_3779,4409,1817
ad_3780,172,55
ad_3781,40,98
ad_3782,4105,331
ad_3783,3962,214
ad_3784,4772,109
ad_3785,3541,823
ad_3786,2667,779
ad_3787,914,269
ad_3788,555,220
ad_3789,342,398
ad_3790,1596,559
ad_3791,3701,611
ad_3792,-3,45
ad_3793,175,85
ad_3794,2728,580
ad_3795,4167,729
ad_3796,-32,40
ad_3797,4022,1348
ad_3798,1626,471
ad_3799,1740,212
ad_3800,3467,897
ad_3801,159,239
ad_3802,1752,375
ad_3803,3016,1449
ad_3804,122,124
ad_3805,4654,2266
ad_3806,3890,1385
ad_3807,-43,41
ad_3808,2241,766
ad_3809,2109,186
ad_3810,167,230
ad_3811,1321,81
ad_3812,0,41
ad_3813,1355,628
ad_3814,2797,-47
ad_3815,1446,440
ad_3816,4656,1879
ad_3817,682,-8
ad_3818,2681,1183
ad_3819,1330,225
ad_3820,413,164
ad_3821,3384,1580
ad_3822,3670,867
ad_3823,1692,360
ad_3824,3504,183
ad_3825,2283,47
ad_3826,4651,548
ad_3827,3454,11
ad_3828,1732,845
ad_3829,783,291
ad_3830,2982,767
ad_3831,4437,1266
ad_3832,1142,316
ad_3833,3940,814
ad_3834,3549,1557
ad_3835,2328,843
ad_3836,3539,1344
ad_3837,937,452
ad_3838,3600,1630
ad_3839,53,16
ad_3840,4032,178
ad_3841,939,10
ad_3842,2994,574
ad_3843,598,196
ad_3844,1103,520
ad_3845,547,248
ad_3846,256,283
ad_3847,4810,2303
ad_3848,3490,1723
ad_3849,3919,8
ad_3850,479,482
ad_3851,3388,-24
ad_3852,1152,536
ad_3853,4198,1914
ad_3854,0,5
ad_3855,4512,-34
ad_3856,4520,685
ad_3857,1810,840
ad_3858,1425,465
ad_3859,2678,373
ad_3860,2984,1330
ad_3861,3654,1155
ad_3862,-19,24
ad_3863,4503,2062
ad_3864,2921,787
ad_3865,336,145
ad_3866,2759,503
ad_3867,1646,791
ad_3868,1535,492
ad_3869,4895,916
ad_3870,2562,968
ad_3871,1083,200
ad_3872,2278,199
ad_3873,961,349
ad_3874,4555,723
ad_3875,4694,920
ad_3876,776,321
ad_3877,1041,414
ad_3878,999,59
ad_3879,614,271
ad_3880,3128,640
ad_3881,1926,147
ad_3882,0,44
ad_3883,4677,-23
ad_3884,979,440
ad_3885,382,-12
ad_3886,202,-16
ad_3887,332,122
ad_3888,4205,435
ad_3889,2595,1278
ad_3890,3330,189
ad_3891,4451,771
ad_3892,1956,10
ad_3893,2849,1345
ad_3894,1530,489
ad_3895,3104,160
ad_3896,2302,967
ad_3897,4176,-28
ad_3898,1491,679
ad_3899,2603,959
ad_3900,682,218
ad_3901,4539,900
ad_3902,999,-43
ad_3903,1365,428
ad_3904,3309,760
ad_3905,4527,1301
ad_3906,629,152
ad_3907,3718,1017
ad_3908,2348,710
ad_3909,3781,1843
ad_3910,252,29
ad_3911,1791,228
ad_3912,2507,315
ad_3913,2944,724
ad_3914,4435,92
ad_3915,66,11
ad_3916,1109,378
ad_3917,1219,91
ad_3918,0,21
ad_3919,0,29
ad_3920,581,127
ad_3921,2750,321
ad_3922,3100,713
ad_3923,1463,426
ad_3924,448,540
ad_3925,3597,488
ad_3926,3717,43
ad_3927,1060,183
ad_3928,210,64
ad_3929,1092,52
ad_3930,743,85
ad_3931,-16,4
ad_3932,0,16
ad_3933,4218,126
ad_3934,1189,433
ad_3935,4022,996
ad_3936,499,30
ad_3937,912,427
ad_3938,3537,502
ad_3939,3022,891
ad_3940,2112,520
ad_3941,-28,49
ad_3942,487,183
ad_3943,2467,938
ad_3944,2335,296
ad_3945,298,37
ad_3946,2918,470
ad_3947,3753,1032
ad_3948,4032,220
ad_3949,3516,202
ad_3950,284,71
ad_3951,1890,450
ad_3952,1437,7
ad_3953,1533,259
ad_3954,3352,1576
ad_3955,1976,732
ad_3956,4558,729
ad_3957,3336,146
ad_3958,988,453
ad_3959,2423,747
ad_3960,2305,389
ad_3961,1550,293
ad_3962,2380,-47
ad_3963,3748,7
ad_3964,4966,1077
ad_3965,1516,478
ad_3966,640,318
ad_3967,4071,460
ad_3968,3817,162
ad_3969,534,-25
ad_3970,1702,453
ad_3971,2596,841
ad_3972,1637,573
ad_3973,3824,529
ad_3974,1165,387
ad_3975,178,269
ad_3976,3666,448
ad_3977,875,232
ad_3978,86,18
ad_3979,-34,37
ad_3980,1064,118
ad_3981,4058,1172
ad_3982,1793,318
ad_3983,710,139
ad_3984,1440,406
ad_3985,2681,309
ad_3986,332,369
ad_3987,4392,994
ad_3988,2523,690
ad_3989,2014,106
ad_3990,1547,306
ad_3991,1749,309
ad_3992,2810,19
ad_3993,1199,48
ad_3994,0,35
ad_3995,2109,825
ad_3996,3444,42
ad_3997,3412,1111
ad_3998,621,247
ad_3999,3784,-30
ad_4000,935,41
ad_4001,289,135
ad_4002,892,87
ad_4003,377,122
ad_4004,2679,137
ad_4005,455,44
ad_4006,1326,305
ad_4007,3542,571
ad_4008,4159,283
ad_4009,0,1
ad_4010,729,301
ad_4011,474,121
ad_4012,1322,2
ad_4013,3246,64
ad_4014,4861,732
ad_4015,1753,110
ad_4016,4899,405
ad_4017,2724,1229
ad_4018,4006,622
ad_4019,2071,637
ad_4020,4431,1446
ad_4021,3961,1884
ad_4022,4069,1046
ad_4023,4955,1379
ad_4024,1965,104
ad_4025,144,37
ad_4026,4132,1949
ad_4027,619,281
ad_4028,2220,1025
ad_4029,2900,746
ad_4030,3567,75
ad_4031,3557,1180
ad_4032,2625,1266
ad_4033,3318,1125
ad_4034,1249,92
ad_4035,1944,876
ad_4036,4843,1765
ad_4037,2345,808
ad_4038,258,-45
ad_4039,368,43
ad_4040,2412,743
ad_4041,3792,1365
ad_4042,0,24
ad_4043,2239,782
ad_4044,3735,1079
ad_4045,4475,2209
ad_4046,4800,237
ad_4047,3315,195
ad_4048,4649,36
ad_4049,1508,220
ad_4050,4235,1329
ad_4051,1962,245
ad_4052,143,160
ad_4053,4904,1878
ad_4054,4236,1515
ad_4055,3734,1791
ad_4056,2198,191
ad_4057,4248,1135
ad_4058,1696,306
ad_4059,2018,128
ad_4060,3376,889
ad_4061,2694,513
ad_4062,3661,573
ad_4063,-41,33
ad_4064,2516,622
ad_4065,505,70
ad_4066,420,99
ad_4067,3423,1492
ad_4068,2090,451
ad_4069,161,260
ad_4070,1563,-31
ad_4071,136,234
ad_4072,3217,1050
ad_4073,2911,141
ad_4074,4898,911
ad_4075,2731,864
ad_4076,1916,126
ad_4077,2793,696
ad_4078,4947,927
ad_4079,363,159
ad_4080,3060,322
ad_4081,286,137
ad_4082,161,23
ad_4083,3559,1592
ad_4084,4458,803
ad_4085,4664,2085
ad_4086,-33,11
ad_4087,4299,155
ad_4088,4116,486
ad_4089,202,293
ad_4090,222,282
ad_4091,4599,151
ad_4092,1223,381
ad_4093,1437,123
ad_4094,3723,1093
ad_4095,797,-34
ad_4096,1126,51
ad_4097,1193,26
ad_4098,3162,621
ad_4099,3915,1031
ad_4100,87,136
ad_4101,2301,978
ad_4102,1388,389
ad_4103,3476,1083
ad_4104,1677,407
ad_4105,4293,1871
ad_4106,1536,27
ad_4107,4889,2060
ad_4108,762,-8
ad_4109,53,6
ad_4110,2862,404
ad_4111,3302,733
ad_4112,2623,245
ad_4113,3825,1028
ad_4114,1678,834
ad_4115,0,12
ad_4116,4052,1588
ad_4117,2704,1266
ad_4118,151,11
ad_4119,1300,84
ad_4120,816,153
ad_4121,1043,16
ad_4122,2799,1340
ad_4123,2977,1021
ad_4124,4729,2014
ad_4125,4792,1255
ad_4126,3957,1695
ad_4127,-19,14
ad_4128,3182,567
ad_4129,309,13
ad_4130,2327,-40
ad_4131,966,397
ad_4132,3567,-25
ad_4133,4547,394
ad_4134,2557,577
ad_4135,1475,-24
ad_4136,2401,585
ad_4137,414,22
ad_4138,4174,320
ad_4139,804,364
ad_4140,3239,307
ad_4141,335,34
ad_4142,1870,454
ad_4143,631,46
ad_4144,69,165
ad_4145,3349,528
ad_4146,3424,1271
ad_4147,2767,1308
ad_4148,3570,1047
ad_4149,2496,932
ad_4150,3817,1057
ad_4151,758,-15
ad_4152,176,48
ad_4153,-37,15
ad_4154,35,121
ad_4155,3427,159
ad_4156,2420,432
ad_4157,4980,1200
ad_4158,3813,716
ad_4159,135,48
ad_4160,2368,877
ad_4161,2942,752
ad_4162,1586,35
ad_4163,2321,573
ad_4164,3482,800
ad_4165,522,163
ad_4166,1697,306
ad_4167,4198,2012
ad_4168,3689,1329
ad_4169,-42,17
ad_4170,362,461
ad_4171,3149,313
ad_4172,-35,23
ad_4173,645,110
ad_4174,4146,649
ad_4175,2160,882
ad_4176,4605,2294
ad_4177,3629,1015
ad_4178,3106,871
ad_4179,4575,1941
ad_4180,4566,1961
ad_4181,2610,341
ad_4182,882,81
ad_4183,4919,729
ad_4184,3375,386
ad_4185,415,496
ad_4186,773,238
ad_4187,443,12
ad_4188,4750,743
ad_4189,2180,-9
ad_4190,2168,1079
ad_4191,160,17
ad_4192,2747,652
ad_4193,2171,518
ad_4194,2340,433
ad_4195,4162,221
ad_4196,4176,-13
ad_4197,4081,972
ad_4198,235,240
ad_4199,75,32
ad_4200,4940,861
ad_4201,3545,905
ad_4202,1842,546
ad_4203,4071,1813
ad_4204,2489,1099
ad_4205,3153,466
ad_4206,4965,1006
ad_4207,1982,596
ad_4208,141,202
ad_4209,4853,8
ad_4210,1270,400
ad_4211,2247,649
ad_4212,4070,1882
ad_4213,1694,509
ad_4214,-2,1
ad_4215,3084,1306
ad_4216,3957,406
ad_4217,1852,450
ad_4218,3288,521
ad_4219,-4,17
ad_4220,3484,1707
ad_4221,835,169
ad_4222,1263,182
ad_4223,3931,1028
ad_4224,333,25
ad_4225,4148,316
ad_4226,4806,1342
ad_4227,825,241
ad_4228,1818,416
ad_4229,4030,1997
ad_4230,1984,197
ad_4231,2944,1007
ad_4232,3531,417
ad_4233,2194,198
ad_4234,-13,26
ad_4235,774,205
ad_4236,432,457
ad_4237,4712,658
ad_4238,670,-18
ad_4239,153,18
ad_4240,748,66
ad_4241,3988,995
ad_4242,437,72
ad_4243,1030,58
ad_4244,2187,-23
ad_4245,3009,495
ad_4246,3594,726
ad_4247,2652,53
ad_4248,4110,329
ad_4249,4080,-44
ad_4250,4388,706
ad_4251,186,58
ad_4252,2422,629
ad_4253,1346,355
ad_4254,3577,173
ad_4255,815,90
ad_4256,785,392
ad_4257,4229,1911
ad_4258,1101,62
ad_4259,2365,514
ad_4260,2110,942
ad_4261,459,203
ad_4262,2204,187
ad_4263,348,64
ad_4264,173,81
ad_4265,494,-25
ad_4266,634,123
ad_4267,3951,251
ad_4268,158,74
ad_4269,4513,2018
ad_4270,3522,1030
ad_4271,424,481
ad_4272,1721,453
ad_4273,-8,10
ad_4274,420,176
ad_4275,3870,1865
ad_4276,2919,210
ad_4277,2667,-24
ad_4278,4637,432
ad_4279,573,27
ad_4280,3250,1492
ad_4281,4977,933
ad_4282,2184,697
ad_4283,1431,239
ad_4284,3479,1043
ad_4285,2494,632
ad_4286,3730,519
ad_4287,2776,193
ad_4288,4696,810
ad_4289,3171,942
ad_4290,2281,6
ad_4291,3642,119
ad_4292,959,217
ad_4293,3387,485
ad_4294,4317,500
ad_4295,2672,280
ad_4296,2344,810
ad_4297,4293,1710
ad_4298,3658,234
ad_4299,4884,2167
ad_4300,3710,1789
ad_4301,3184,1106
ad_4302,302,303
ad_4303,2061,602
ad_4304,924,356
ad_4305,2284,384
ad_4306,4689,1627
ad_4307,1626,338
ad_4308,882,14
ad_4309,720,308
ad_4310,3024,1110
ad_4311,346,25
ad_4312,3698,675
ad_4313,0,48
ad_4314,3750,944
ad_4315,1458,714
ad_4316,2605,413
ad_4317,784,233
ad_4318,4922,-29
ad_4319,-26,13
ad_4320,1465,178
ad_4321,2571,-32
ad_4322,-11,13
ad_4323,1836,-41
ad_4324,274,121
ad_4325,4398,523
ad_4326,4985,2342
ad_4327,366,390
ad_4328,4445,631
ad_4329,2977,170
ad_4330,1512,423
ad_4331,569,5
ad_4332,2458,697
ad_4333,3335,-8
ad_4334,470,567
ad_4335,-48,16
ad_4336,2749,1193
ad_4337,2424,564
ad_4338,-4,40
ad_4339,3709,38
ad_4340,1467,389
ad_4341,4857,2357
ad_4342,643,67
ad_4343,371,434
ad_4344,474,98
ad_4345,4178,164
ad_4346,631,305
ad_4347,-6,34
ad_4348,1112,250
ad_4349,963,214
ad_4350,4225,1969
ad_4351,2178,927
ad_4352,2418,1054
ad_4353,1737,735
ad_4354,2145,1070
ad_4355,1230,200
ad_4356,2877,1003
ad_4357,1802,-26
ad_4358,2876,1031
ad_4359,4846,1360
ad_4360,1155,469
ad_4361,1948,607
ad_4362,3444,1577
ad_4363,4578,1955
ad_4364,2163,564
ad_4365,1729,757
ad_4366,307,402
ad_4367,2643,219
ad_4368,131,222
ad_4369,351,150
ad_4370,484,537
ad_4371,4549,117
ad_4372,631,192
ad_4373,472,27
ad_4374,2089,988
ad_4375,1354,273
ad_4376,390,475
ad_4377,3227,1336
ad_4378,2593,72
ad_4379,1356,575
ad_4380,2400,1012
ad_4381,394,142
ad_4382,1906,82
ad_4383,421,462
ad_4384,2032,999
ad_4385,2024,110
ad_4386,1372,376
ad_4387,665,286
ad_4388,4072,1754
ad_4389,1596,562
ad_4390,-45,42
ad_4391,1658,663
ad_4392,1491,569
ad_4393,2872,1001
ad_4394,4802,2068
ad_4395,118,121
ad_4396,3879,260
ad_4397,129,206
ad_4398,3528,1321
ad_4399,3383,1217
ad_4400,793,210
ad_4401,405,412
ad_4402,209,272
ad_4403,1354,130
ad_4404,3018,931
ad_4405,358,371
ad_4406,1215,66
ad_4407,3646,440
ad_4408,1944,-49
ad_4409,227,238
ad_4410,1323,536
ad_4411,251,34
ad_4412,155,253
ad_4413,2119,64
ad_4414,3639,1201
ad_4415,1502,568
ad_4416,783,-33
ad_4417,3913,140
ad_4418,750,361
ad_4419,774,355
ad_4420,4199,82
ad_4421,0,13
ad_4422,579,67
ad_4423,0,7
ad_4424,347,18
ad_4425,389,441
ad_4426,1494,576
ad_4427,1854,402
ad_4428,0,42
ad_4429,0,3
ad_4430,3444,-34
ad_4431,426,-47
ad_4432,3403,791
ad_4433,2748,436
ad_4434,1927,688
ad_4435,3424,1232
ad_4436,2005,565
ad_4437,2346,955
ad_4438,4636,902
ad_4439,3266,1530
ad_4440,1708,193
ad_4441,4926,1125
ad_4442,4979,853
ad_4443,4044,1870
ad_4444,3309,-7
ad_4445,2231,399
ad_4446,1762,725
ad_4447,2205,-31
ad_4448,2264,690
ad_4449,4848,2169
ad_4450,966,396
ad_4451,973,351
ad_4452,4867,262
ad_4453,2163,532
ad_4454,2340,186
ad_4455,1475,735
ad_4456,586,237
ad_4457,3931,184
ad_4458,4886,2437
ad_4459,333,130
ad_4460,4695,543
ad_4461,1245,402
ad_4462,1264,618
ad_4463,761,286
ad_4464,126,62
ad_4465,814,175
ad_4466,0,10
ad_4467,530,129
ad_4468,1410,483
ad_4469,153,75
ad_4470,737,52
ad_4471,295,116
ad_4472,334,167
ad_4473,575,69
ad_4474,4906,1509
ad_4475,1672,250
ad_4476,3787,610
ad_4477,853,384
ad_4478,965,270
ad_4479,4305,2053
ad_4480,157,2
ad_4481,3408,1388
ad_4482,3331,390
ad_4483,3887,1539
ad_4484,1783,643
ad_4485,2297,982
ad_4486,4939,-47
ad_4487,564,92
ad_4488,4388,1401
ad_4489,404,503
ad_4490,4742,2208
ad_4491,2957,1009
ad_4492,1799,69
ad_4493,3630,1640
ad_4494,2401,308
ad_4495,3512,1402
ad_4496,2823,307
ad_4497,1595,-36
ad_4498,2418,372
ad_4499,1516,60
ad_4500,1405,107
ad_4501,476,7
ad_4502,2910,521
ad_4503,3419,846
ad_4504,78,31
ad_4505,719,156
ad_4506,3236,412
ad_4507,1819,272
ad_4508,1024,144
ad_4509,1920,375
ad_4510,1163,146
ad_4511,839,347
ad_4512,3588,728
ad_4513,4462,145
ad_4514,853,191
ad_4515,99,21
ad_4516,4041,188
ad_4517,2738,1215
ad_4518,4982,695
ad_4519,352,424
ad_4520,4618,1081
ad_4521,-34,31
ad_4522,2603,1108
ad_4523,3321,319
ad_4524,4318,157
ad_4525,0,49
ad_4526,749,367
ad_4527,1513,219
ad_4528,4141,434
ad_4529,3670,1670
ad_4530,-25,46
ad_4531,562,-48
ad_4532,4375,2005
ad_4533,3834,1489
ad_4534,2794,301
ad_4535,2874,1361
ad_4536,3104,460
ad_4537,1223,531
ad_4538,0,11
ad_4539,1762,77
ad_4540,3358,1024
ad_4541,4867,195
ad_4542,1774,526
ad_4543,358,58
ad_4544,4370,1140
ad_4545,2406,828
ad_4546,119,158
ad_4547,1218,233
ad_4548,1599,365
ad_4549,2757,364
ad_4550,0,48
ad_4551,1342,170
ad_4552,4223,1274
ad_4553,1469,713
ad_4554,1551,228
ad_4555,3600,437
ad_4556,4848,2370
ad_4557,3985,1577
ad_4558,4642,1796
ad_4559,483,167
ad_4560,81,24
ad_4561,3961,292
ad_4562,3038,629
ad_4563,4358,388
ad_4564,4071,1286
ad_4565,4474,322
ad_4566,1157,142
ad_4567,4550,1698
ad_4568,4785,2304
ad_4569,2662,-33
ad_4570,4371,-6
ad_4571,598,228
ad_4572,4056,1830
ad_4573,491,194
ad_4574,840,-36
ad_4575,4714,769
ad_4576,627,155
ad_4577,529,221
ad_4578,4851,2289
ad_4579,3460,832
ad_4580,4337,1915
ad_4581,3569,629
ad_4582,140,16
ad_4583,368,459
ad_4584,2080,329
ad_4585,1090,327
ad_4586,4201,-5
ad_4587,4011,1525
ad_4588,3380,-44
ad_4589,3683,277
ad_4590,4330,1560
ad_4591,172,79
ad_4592,0,25
ad_4593,4054,1460
ad_4594,4015,-4
ad_4595,1107,539
ad_4596,177,44
ad_4597,4205,1852
ad_4598,1149,19
ad_4599,2036,979
ad_4600,3119,254
ad_4601,3127,644
ad_4602,194,48
ad_4603,1562,105
ad_4604,4881,394
ad_4605,447,451
ad_4606,2304,24
ad_4607,4375,192
ad_4608,2999,8
ad_4609,767,371
ad_4610,3537,731
ad_4611,1074,429
ad_4612,184,57
ad_4613,3601,1535
ad_4614,4876,1596
ad_4615,374,61
ad_4616,1643,587
ad_4617,125,151
ad_4618,4038,1620
ad_4619,3949,45
ad_4620,2217,717
ad_4621,3246,-9
ad_4622,4821,274
ad_4623,4107,813
ad_4624,244,326
ad_4625,4551,1486
ad_4626,659,319
ad_4627,4228,188
ad_4628,4096,491
ad_4629,2558,1184
ad_4630,-4,31
ad_4631,-14,15
ad_4632,525,160
ad_4633,4852,1942
ad_4634,395,144
ad_4635,4475,1665
ad_4636,1664,-20
ad_4637,4850,1641
ad_4638,4764,1001
ad_4639,3665,716
ad_4640,3397,946
ad_4641,2394,541
ad_4642,2145,288
ad_4643,3372,1021
ad_4644,1300,310
ad_4645,4685,1762
ad_4646,2782,522
ad_4647,-45,0
ad_4648,4111,-35
ad_4649,3353,1419
ad_4650,3940,1688
ad_4651,3685,1286
ad_4652,3625,495
ad_4653,1907,269
ad_4654,4834,2204
ad_4655,4615,897
ad_4656,1413,540
ad_4657,2307,318
ad_4658,3529,788
ad_4659,465,560
ad_4660,763,132
ad_4661,2153,650
ad_4662,72,85
ad_4663,1562,69
ad_4664,3146,1265
ad_4665,722,95
ad_4666,3975,-16
ad_4667,3045,1267
ad_4668,673,239
ad_4669,3944,1095
ad_4670,92,130
ad_4671,1492,199
ad_4672,913,444
ad_4673,3186,150
ad_4674,155,76
ad_4675,259,48
ad_4676,872,278
ad_4677,208,99
ad_4678,1886,659
ad_4679,62,24
ad_4680,4175,443
ad_4681,-16,43
ad_4682,1893,317
ad_4683,3465,1327
ad_4684,3881,1902
ad_4685,4055,254
ad_4686,268,-1
ad_4687,4704,40
ad_4688,4236,1279
ad_4689,464,543
ad_4690,4656,1887
ad_4691,4217,1135
ad_4692,746,356
ad_4693,-22,37
ad_4694,4341,1870
ad_4695,3513,465
ad_4696,2565,682
ad_4697,0,16
ad_4698,455,542
ad_4699,4616,-15
ad_4700,3411,1338
ad_4701,2972,1264
ad_4702,1024,305
ad_4703,247,4
ad_4704,1230,-49
ad_4705,4188,717
ad_4706,4722,81
ad_4707,1044,261
ad_4708,2906,1350
ad_4709,3442,495
ad_4710,3558,1186
ad_4711,2827,526
ad_4712,2267,333
ad_4713,3862,1120
ad_4714,3022,248
ad_4715,693,260
ad_4716,798,260
ad_4717,876,-19
ad_4718,4366,-5
ad_4719,3410,522
ad_4720,4740,1053
ad_4721,4592,-2
ad_4722,4413,1151
ad_4723,487,179
ad_4724,488,197
ad_4725,2656,757
ad_4726,1277,174
ad_4727,713,150
ad_4728,3593,738
ad_4729,4227,342
ad_4730,1072,483
ad_4731,1476,459
ad_4732,3013,1238
ad_4733,1618,426
ad_4734,507,202
ad_4735,1065,-6
ad_4736,2935,-34
ad_4737,2962,38
ad_4738,3316,726
ad_4739,3997,20
ad_4740,3868,888
ad_4741,3892,652
ad_4742,-38,32
ad_4743,4483,1347
ad_4744,3133,1208
ad_4745,4511,1359
ad_4746,4731,1257
ad_4747,2399,918
ad_4748,1120,370
ad_4749,2091,448
ad_4750,532,168
ad_4751,1625,351
ad_4752,1458,239
ad_4753,4313,1244
ad_4754,3256,954
ad_4755,3621,1057
ad_4756,2677,-27
ad_4757,2214,631
ad_4758,1046,492
ad_4759,1221,528
ad_4760,2709,541
ad_4761,260,33
ad_4762,2438,563
ad_4763,686,-1
ad_4764,3907,1722
ad_4765,2389,582
ad_4766,904,104
ad_4767,306,40
ad_4768,2371,866
ad_4769,215,47
ad_4770,400,14
ad_4771,3974,1397
ad_4772,3484,504
ad_4773,4346,1273
ad_4774,2489,245
ad_4775,1735,374
ad_4776,0,7
ad_4777,1197,479
ad_4778,947,270
ad_4779,1029,-2
ad_4780,2550,1205
ad_4781,2627,264
ad_4782,3605,1401
ad_4783,2032,966
ad_4784,2545,33
ad_4785,-29,37
ad_4786,4658,818
ad_4787,2387,1083
ad_4788,165,49
ad_4789,4525,2184
ad_4790,1955,73
ad_4791,1841,913
ad_4792,2430,943
ad_4793,3315,1531
ad_4794,4873,1714
ad_4795,1819,831
ad_4796,737,320
ad_4797,97,35
ad_4798,4906,269
ad_4799,190,243
ad_4800,1285,-15
ad_4801,1971,648
ad_4802,3368,94
ad_4803,4252,-49
ad_4804,4321,1054
ad_4805,3784,1641
ad_4806,2060,68
ad_4807,1738,227
ad_4808,1800,727
ad_4809,3988,1872
ad_4810,4829,1005
ad_4811,3469,1627
ad_4812,2219,1098
ad_4813,1855,-46
ad_4814,4937,2224
ad_4815,1164,540
ad_4816,4492,993
ad_4817,4692,477
ad_4818,1471,690
ad_4819,4002,186
ad_4820,781,140
ad_4821,0,35
ad_4822,2744,17
ad_4823,4987,314
ad_4824,1706,276
ad_4825,4183,1872
ad_4826,1947,351
ad_4827,21,59
ad_4828,3697,1734
ad_4829,2326,144
ad_4830,4919,2025
ad_4831,2782,-8
ad_4832,1128,-24
ad_4833,3870,1496
ad_4834,3005,15
ad_4835,1260,413
ad_4836,409,102
ad_4837,3870,1097
ad_4838,2922,579
ad_4839,300,333
ad_4840,3964,-18
ad_4841,2797,1034
ad_4842,4173,946
ad_4843,4854,1917
ad_4844,1417,505
ad_4845,-44,22
ad_4846,4582,1888
ad_4847,4325,25
ad_4848,1436,646
ad_4849,2668,911
ad_4850,2320,695
ad_4851,4274,1523
ad_4852,3212,610
ad_4853,303,330
ad_4854,158,72
ad_4855,2785,908
ad_4856,1061,448
ad_4857,4582,2123
ad_4858,4603,628
ad_4859,3182,1230
ad_4860,4458,449
ad_4861,4625,752
ad_4862,2086,826
ad_4863,4610,-17
ad_4864,109,197
ad_4865,3255,-34
ad_4866,2952,356
ad_4867,2030,928
ad_4868,3718,390
ad_4869,3778,1883
ad_4870,1919,369
ad_4871,1377,-36
ad_4872,477,560
ad_4873,361,-32
ad_4874,4011,626
ad_4875,2583,271
ad_4876,1083,164
ad_4877,3119,1257
ad_4878,3005,-15
ad_4879,63,21
ad_4880,1567,560
ad_4881,2209,939
ad_4882,3956,1913
ad_4883,3680,1393
ad_4884,3168,710
ad_4885,4786,772
ad_4886,2187,719
ad_4887,3429,1239
ad_4888,4536,419
ad_4889,-46,20
ad_4890,4504,1060
ad_4891,824,32
ad_4892,2635,858
ad_4893,1713,792
ad_4894,2043,336
ad_4895,-41,34
ad_4896,335,412
ad_4897,322,347
ad_4898,4637,1060
ad_4899,251,301
ad_4900,3385,1629
ad_4901,1659,241
ad_4902,0,49
ad_4903,3021,407
ad_4904,3033,1320
ad_4905,427,-22
ad_4906,3428,303
ad_4907,2598,762
ad_4908,622,286
ad_4909,228,254
ad_4910,-43,30
ad_4911,4240,1745
ad_4912,2041,183
ad_4913,3040,495
ad_4914,3732,1767
ad_4915,1968,829
ad_4916,331,124
ad_4917,3104,660
ad_4918,3872,1158
ad_4919,4904,1535
ad_4920,3550,1668
ad_4921,1866,239
ad_4922,1504,332
ad_4923,4697,1167
ad_4924,4751,405
ad_4925,409,467
ad_4926,1915,453
ad_4927,1367,171
ad_4928,524,69
ad_4929,4128,92
ad_4930,55,96
ad_4931,355,74
ad_4932,3884,323
ad_4933,1502,538
ad_4934,1666,522
ad_4935,3862,1531
ad_4936,3395,1256
ad_4937,47,137
ad_4938,4043,983
ad_4939,4534,1175
ad_4940,251,321
ad_4941,1722,401
ad_4942,3295,1143
ad_4943,310,359
ad_4944,3920,1388
ad_4945,2230,845
ad_4946,2632,74
ad_4947,850,272
ad_4948,626,308
ad_4949,888,-5
ad_4950,2091,31
ad_4951,1663,36
ad_4952,400,412
ad_4953,4955,1084
ad_4954,262,358
ad_4955,1373,52
ad_4956,4173,684
ad_4957,4081,1886
ad_4958,265,127
ad_4959,4793,1013
ad_4960,3613,1538
ad_4961,0,20
ad_4962,711,274
ad_4963,1927,362
ad_4964,4210,612
ad_4965,4465,1852
ad_4966,349,354
ad_4967,46,143
ad_4968,2889,244
ad_4969,2078,920
ad_4970,3194,783
ad_4971,970,23
ad_4972,3141,479
ad_4973,2035,937
ad_4974,3860,478
ad_4975,638,237
ad_4976,1613,670
ad_4977,0,3
ad_4978,823,397
ad_4979,1436,159
ad_4980,2923,1248
ad_4981,1436,673
ad_4982,3625,902
ad_4983,836,249
ad_4984,280,305
ad_4985,0,8
ad_4986,1662,501
ad_4987,2914,-49
ad_4988,3968,896
ad_4989,2324,882
ad_4990,186,-16
ad_4991,2216,832
ad_4992,4127,1484
ad_4993,464,129
ad_4994,3992,762
ad_4995,1706,123
ad_4996,-24,9
ad_4997,704,136
ad_4998,2702,13
ad_4999,1135,217
ad_5000,4521,321
ad_5001,1390,24
ad_5002,4338,1834
ad_5003,3541,1767
ad_5004,3153,750
ad_5005,1194,5
ad_5006,114,125
ad_5007,224,86
ad_5008,1165,233
ad_5009,766,66
ad_5010,1749,-37
ad_5011,3151,1434
ad_5012,1338,137
ad_5013,213,299
ad_5014,211,93
ad_5015,223,25
ad_5016,536,62
ad_5017,4628,1761
ad_5018,805,399
ad_5019,2339,256
ad_5020,-7,33
ad_5021,829,209
ad_5022,1299,203
ad_5023,4370,811
ad_5024,1400,371
ad_5025,3739,1069
ad_5026,4333,1542
ad_5027,857,342
ad_5028,557,238
ad_5029,847,92
ad_5030,1635,442
ad_5031,2498,1001
ad_5032,3482,-26
ad_5033,4298,1781
ad_5034,359,168
ad_5035,4233,1262
ad_5036,491,530
ad_5037,802,-8
ad_5038,2211,108
ad_5039,-33,36
ad_5040,2844,312
ad_5041,2385,121
ad_5042,2284,258
ad_5043,1169,572
ad_5044,0,19
ad_5045,2667,894
ad_5046,3230,1540
ad_5047,4618,155
ad_5048,3610,1751
ad_5049,2893,657
ad_5050,4425,137
ad_5051,1208,244
ad_5052,2035,782
ad_5053,3055,438
ad_5054,2894,1013
ad_5055,354,446
ad_5056,1381,227
ad_5057,776,325
ad_5058,2726,448
ad_5059,2948,522
ad_5060,2505,969
ad_5061,151,219
ad_5062,1796,-46
ad_5063,2892,601
ad_5064,2768,682
ad_5065,4676,717
ad_5066,4895,711
ad_5067,449,117
ad_5068,2861,587
ad_5069,735,146
ad_5070,0,4
ad_5071,377,453
ad_5072,-22,10
ad_5073,2961,754
ad_5074,2730,219
ad_5075,3482,1734
ad_5076,4528,1482
ad_5077,226,304
ad_5078,1414,525
ad_5079,781,340
ad_5080,4939,1896
ad_5081,2784,264
ad_5082,182,81
ad_5083,2178,668
ad_5084,269,56
ad_5085,4558,1937
ad_5086,3175,-21
ad_5087,0,31
ad_5088,4742,1628
ad_5089,24,55
ad_5090,3474,495
ad_5091,70,-37
ad_5092,218,224
ad_5093,3730,52
ad_5094,2997,1267
ad_5095,3998,1922
ad_5096,1804,901
ad_5097,3023,497
ad_5098,1031,436
ad_5099,4496,316
ad_5100,4070,57
ad_5101,3959,975
ad_5102,487,156
ad_5103,1025,206
ad_5104,528,195
ad_5105,2905,-35
ad_5106,1256,342
ad_5107,1684,-13
ad_5108,2232,976
ad_5109,3992,375
ad_5110,1085,73
ad_5111,1641,148
ad_5112,636,113
ad_5113,4630,2280
ad_5114,72,117
ad_5115,4573,505
ad_5116,280,101
ad_5117,2228,366
ad_5118,1054,199
ad_5119,1370,376
ad_5120,189,-44
ad_5121,2714,579
ad_5122,3458,1317
ad_5123,149,21
ad_5124,3790,980
ad_5125,4054,725
ad_5126,4439,1802
ad_5127,3699,199
ad_5128,4485,1172
ad_5129,2074,210
ad_5130,2895,50
ad_5131,3009,301
ad_5132,1431,701
ad_5133,364,55
ad_5134,4477,374
ad_5135,0,14
ad_5136,1598,789
ad_5137,4229,292
ad_5138,243,280
ad_5139,2081,390
ad_5140,2536,452
ad_5141,1541,217
ad_5142,4296,1882
ad_5143,3848,1070
ad_5144,3937,350
ad_5145,4316,1138
ad_5146,2422,248
ad_5147,189,251
ad_5148,293,117
ad_5149,3925,357
ad_5150,3136,1212
ad_5151,4474,1203
ad_5152,1514,473
ad_5153,3785,1123
ad_5154,2873,435
ad_5155,1456,124
ad_5156,1945,742
ad_5157,4603,1592
ad_5158,1878,395
ad_5159,0,5
ad_5160,3216,54
ad_5161,2594,1274
ad_5162,693,-26
ad_5163,3408,1032
ad_5164,1775,540
ad_5165,2011,-43
ad_5166,939,14
ad_5167,4620,1044
ad_5168,-5,33
ad_5169,2917,1123
ad_5170,3036,184
ad_5171,260,261
ad_5172,1423,369
ad_5173,1617,320
ad_5174,2470,1090
ad_5175,4706,749
ad_5176,603,33
ad_5177,3821,392
ad_5178,2282,181
ad_5179,4571,1362
ad_5180,4251,1875
ad_5181,2690,1134
ad_5182,4994,564
ad_5183,4503,2061
ad_5184,508,134
ad_5185,51,24
ad_5186,3507,1669
ad_5187,4432,494
ad_5188,2077,39
ad_5189,3636,-32
ad_5190,1435,551
ad_5191,1101,388
ad_5192,4611,1587
ad_5193,463,109
ad_5194,0,33
ad_5195,2632,647
ad_5196,3501,831
ad_5197,-48,32
ad_5198,2792,1029
ad_5199,3683,1221
ad_5200,864,-37
ad_5201,366,85
ad_5202,2312,444
ad_5203,0,31
ad_5204,3910,1880
ad_5205,1806,26
ad_5206,0,6
ad_5207,723,326
ad_5208,816,300
ad_5209,1858,566
ad_5210,3147,1105
ad_5211,1856,791
ad_5212,2227,784
ad_5213,643,78
ad_5214,2439,852
ad_5215,948,18
ad_5216,3062,1360
ad_5217,625,35
ad_5218,-47,27
ad_5219,-31,40
ad_5220,1618,126
ad_5221,113,119
ad_5222,1837,656
ad_5223,3778,521
ad_5224,1147,528
ad_5225,4583,2134
ad_5226,2962,1053
ad_5227,1556,391
ad_5228,588,177
ad_5229,3169,-17
ad_5230,1389,8
ad_5231,2531,910
ad_5232,1218,443
ad_5233,3810,34
ad_5234,4140,1441
ad_5235,2286,765
ad_5236,3123,90
ad_5237,2112,844
ad_5238,1818,275
ad_5239,452,64
ad_5240,18,50
ad_5241,837,5
ad_5242,4570,298
ad_5243,275,91
ad_5244,4181,1381
ad_5245,740,101
ad_5246,1560,556
ad_5247,410,431
ad_5248,1618,123
ad_5249,2390,19
ad_5250,695,154
ad_5251,981,26
ad_5252,2337,997
ad_5253,1847,604
ad_5254,1682,59
ad_5255,3706,281
ad_5256,3701,352
ad_5257,3976,414
ad_5258,4178,44
ad_5259,1497,328
ad_5260,3502,553
ad_5261,2208,353
ad_5262,3586,1310
ad_5263,3610,1149
ad_5264,272,119
ad_5265,2732,319
ad_5266,2541,1133
ad_5267,4226,1984
ad_5268,1290,127
ad_5269,554,139
ad_5270,972,266
ad_5271,1605,147
ad_5272,1215,556
ad_5273,3738,35
ad_5274,1427,157
ad_5275,2334,236
ad_5276,213,26
ad_5277,3248,-20
ad_5278,3543,721
ad_5279,4817,589
ad_5280,1444,20
ad_5281,3692,894
ad_5282,60,13
ad_5283,1965,813
ad_5284,4517,51
ad_5285,3672,1016
ad_5286,3113,290
ad_5287,4053,1173
ad_5288,1399,600
ad_5289,4237,1684
ad_5290,4684,1203
ad_5291,814,246
ad_5292,3767,226
ad_5293,3972,570
ad_5294,4123,1375
ad_5295,3430,914
ad_5296,4226,683
ad_5297,70,24
ad_5298,4592,721
ad_5299,1557,728
ad_5300,4976,1994
ad_5301,0,11
ad_5302,1237,536
ad_5303,4673,1367
ad_5304,4004,185
ad_5305,3070,248
ad_5306,1681,479
ad_5307,-7,45
ad_5308,259,42
ad_5309,4482,2180
ad_5310,45,127
ad_5311,1136,545
ad_5312,4104,1849
ad_5313,2395,414
ad_5314,170,210
ad_5315,4384,39
ad_5316,1416,83
ad_5317,2639,803
ad_5318,1165,429
ad_5319,2770,1047
ad_5320,2993,599
ad_5321,3590,77
ad_5322,1628,675
ad_5323,342,394
ad_5324,2094,1014
ad_5325,4327,1562
ad_5326,2203,553
ad_5327,4987,1383
ad_5328,0,25
ad_5329,3619,1655
ad_5330,3574,1747
ad_5331,2145,1014
ad_5332,3319,145
ad_5333,651,87
ad_5334,345,5
ad_5335,1203,289
ad_5336,3450,347
ad_5337,2546,78
ad_5338,1326,165
ad_5339,2196,47
ad_5340,289,27
ad_5341,3892,868
ad_5342,1578,236
ad_5343,783,191
ad_5344,3970,1822
ad_5345,1397,214
ad_5346,4302,340
ad_5347,4639,1046
ad_5348,-15,21
ad_5349,2896,884
ad_5350,408,443
ad_5351,387,49
ad_5352,3628,144
ad_5353,1724,204
ad_5354,4345,554
ad_5355,938,246
ad_5356,2072,214
ad_5357,3623,111
ad_5358,706,216
ad_5359,753,53
ad_5360,182,7
ad_5361,-15,48
ad_5362,347,126
ad_5363,4275,-1
ad_5364,0,35
ad_5365,2570,777
ad_5366,1028,456
ad_5367,393,457
ad_5368,3260,385
ad_5369,4100,321
ad_5370,831,358
ad_5371,3641,297
ad_5372,4859,-28
ad_5373,1515,-21
ad_5374,4425,797
ad_5375,3030,-47
ad_5376,3871,645
ad_5377,3432,529
ad_5378,2735,87
ad_5379,142,168
ad_5380,594,83
ad_5381,490,237
ad_5382,1532,742
ad_5383,4310,43
ad_5384,3852,446
ad_5385,529,252
ad_5386,232,277
ad_5387,1430,362
ad_5388,4307,1890
ad_5389,0,35
ad_5390,-28,12
ad_5391,2019,1006
ad_5392,4859,1075
ad_5393,2563,1029
ad_5394,366,84
ad_5395,0,20
ad_5396,1706,329
ad_5397,1425,228
ad_5398,3498,600
ad_5399,1492,185
ad_5400,4702,503
ad_5401,3749,1715
ad_5402,309,46
ad_5403,671,79
ad_5404,4754,1311
ad_5405,2909,577
ad_5406,897,304
ad_5407,1456,585
ad_5408,-43,30
ad_5409,1168,315
ad_5410,2695,314
ad_5411,4550,620
ad_5412,490,518
ad_5413,1032,60
ad_5414,1687,-26
ad_5415,2800,562
ad_5416,3614,1751
ad_5417,1139,210
ad_5418,423,97
ad_5419,2397,177
ad_5420,462,520
ad_5421,1487,161
ad_5422,4479,340
ad_5423,1671,147
ad_5424,3455,974
ad_5425,863,227
ad_5426,1591,759
ad_5427,4705,39
ad_5428,1897,621
ad_5429,1964,225
ad_5430,1419,684
ad_5431,2418,395
ad_5432,4571,521
ad_5433,2179,868
ad_5434,225,43
ad_5435,926,399
ad_5436,919,-13
ad_5437,4523,1128
ad_5438,175,245
ad_5439,2606,994
ad_5440,3817,572
ad_5441,1821,711
ad_5442,4805,2085
ad_5443,4246,2011
ad_5444,3455,189
ad_5445,1500,711
ad_5446,2141,-22
ad_5447,4467,639
ad_5448,2591,48
ad_5449,2097,-12
ad_5450,3582,1222
ad_5451,2724,29
ad_5452,3019,1111
ad_5453,4886,1681
ad_5454,650,293
ad_5455,1981,162
ad_5456,1823,900
ad_5457,3022,556
ad_5458,4277,1723
ad_5459,2399,568
ad_5460,2975,745
ad_5461,-35,29
ad_5462,1102,1
ad_5463,1220,302
ad_5464,2863,711
ad_5465,800,-5
ad_5466,3275,-18
ad_5467,3816,93
ad_5468,-21,12
ad_5469,0,46
ad_5470,741,211
ad_5471,3793,706
ad_5472,1327,231
ad_5473,551,149
ad_5474,1764,487
ad_5475,2191,703
ad_5476,4552,1335
ad_5477,3450,177
ad_5478,962,366
ad_5479,0,23
ad_5480,2733,592
ad_5481,430,512
ad_5482,2166,442
ad_5483,4972,1133
ad_5484,1213,220
ad_5485,1938,806
ad_5486,316,398
ad_5487,3285,1384
ad_5488,1886,574
ad_5489,4255,114
ad_5490,3609,135
ad_5491,-24,30
ad_5492,-38,28
ad_5493,2285,-27
ad_5494,802,327
ad_5495,1313,510
ad_5496,1269,-24
ad_5497,3373,155
ad_5498,2187,952
ad_5499,4609,1403
ad_5500,2892,184
ad_5501,715,177
ad_5502,1060,64
ad_5503,274,337
ad_5504,323,126
ad_5505,105,141
ad_5506,4471,407
ad_5507,818,149
ad_5508,579,257
ad_5509,784,202
ad_5510,3353,163
ad_5511,3829,1638
ad_5512,4043,1292
ad_5513,789,66
ad_5514,180,54
ad_5515,2567,1010
ad_5516,1688,337
ad_5517,852,257
ad_5518,3775,1775
ad_5519,0,39
ad_5520,670,50
ad_5521,1736,757
ad_5522,-40,13
ad_5523,2416,385
ad_5524,123,144
ad_5525,2946,265
ad_5526,2977,1465
ad_5527,3321,955
ad_5528,157,44
ad_5529,3717,1547
ad_5530,2327,619
ad_5531,1645,759
ad_5532,2715,878
ad_5533,1446,527
ad_5534,397,467
ad_5535,4388,-40
ad_5536,2487,570
ad_5537,637,151
ad_5538,4790,582
ad_5539,815,300
ad_5540,4676,24
ad_5541,1881,409
ad_5542,4529,960
ad_5543,1235,215
ad_5544,2366,968
ad_5545,1432,214
ad_5546,3206,1300
ad_5547,368,462
ad_5548,2672,847
ad_5549,1826,13
ad_5550,598,238
ad_5551,996,395
ad_5552,3500,640
ad_5553,391,142
ad_5554,-22,48
ad_5555,4857,156
ad_5556,2952,307
ad_5557,-46,47
ad_5558,4083,430
ad_5559,3411,1274
ad_5560,4022,776
ad_5561,315,403
ad_5562,4994,2424
ad_5563,1725,381
ad_5564,3870,441
ad_5565,2293,171
ad_5566,908,30
ad_5567,1165,396
ad_5568,1249,337
ad_5569,961,-1
ad_5570,137,-28
ad_5571,2955,848
ad_5572,2626,579
ad_5573,1462,509
ad_5574,455,70
ad_5575,906,187
ad_5576,4690,689
ad_5577,877,296
ad_5578,2229,1072
ad_5579,194,288
ad_5580,2119,826
ad_5581,-20,5
ad_5582,4452,1258
ad_5583,2687,1306
ad_5584,465,49
ad_5585,1996,804
ad_5586,4852,2315
ad_5587,642,179
ad_5588,1776,308
ad_5589,602,240
ad_5590,2707,299
ad_5591,4406,1125
ad_5592,1541,207
ad_5593,249,318
ad_5594,442,65
ad_5595,3373,1383
ad_5596,907,-42
ad_5597,1117,129
ad_5598,1815,872
ad_5599,4899,2362
ad_5600,212,288
ad_5601,4137,1579
ad_5602,501,217
ad_5603,4985,1742
ad_5604,4960,228
ad_5605,4842,-37
ad_5606,3816,1047
ad_5607,1643,144
ad_5608,4135,1143
ad_5609,3579,1549
ad_5610,1971,343
ad_5611,4345,1817
ad_5612,571,158
ad_5613,0,13
ad_5614,411,57
ad_5615,1620,668
ad_5616,4399,1405
ad_5617,690,31
ad_5618,1484,326
ad_5619,323,71
ad_5620,0,18
ad_5621,4413,2064
ad_5622,3940,1929
ad_5623,4864,1105
ad_5624,450,101
ad_5625,775,172
ad_5626,4199,120
ad_5627,1467,-45
ad_5628,304,18
ad_5629,387,475
ad_5630,412,143
ad_5631,626,221
ad_5632,558,119
ad_5633,4318,1834
ad_5634,4853,525
ad_5635,1109,91
ad_5636,3323,71
ad_5637,0,4
ad_5638,-44,28
ad_5639,356,401
ad_5640,755,110
ad_5641,722,147
ad_5642,4167,34
ad_5643,3522,529
ad_5644,494,136
ad_5645,3007,1337
ad_5646,3359,1463
ad_5647,2142,422
ad_5648,2127,216
ad_5649,919,329
ad_5650,3850,1576
ad_5651,65,116
ad_5652,579,179
ad_5653,3566,462
ad_5654,3192,900
ad_5655,1049,512
ad_5656,2908,119
ad_5657,4879,1108
ad_5658,3218,341
ad_5659,0,21
ad_5660,2480,739
ad_5661,4515,-27
ad_5662,4361,382
ad_5663,107,29
ad_5664,1166,-41
ad_5665,111,20
ad_5666,3623,1070
ad_5667,332,20
ad_5668,713,117
ad_5669,620,95
ad_5670,3648,568
ad_5671,2516,502
ad_5672,3735,1037
ad_5673,288,366
ad_5674,922,166
ad_5675,1452,196
ad_5676,1504,16
ad_5677,1355,571
ad_5678,763,21
ad_5679,341,33
ad_5680,0,22
ad_5681,846,147
ad_5682,4685,111
ad_5683,-11,22
ad_5684,2006,732
ad_5685,113,49
ad_5686,1164,378
ad_5687,4619,36
ad_5688,861,252
ad_5689,1940,382
ad_5690,3354,811
ad_5691,4818,1133
ad_5692,2403,447
ad_5693,4887,1429
ad_5694,1777,244
ad_5695,2213,1078
ad_5696,313,58
ad_5697,0,15
ad_5698,4782,2343
ad_5699,283,75
ad_5700,1831,592
ad_5701,4221,578
ad_5702,2210,569
ad_5703,354,44
ad_5704,3282,933
ad_5705,3953,793
ad_5706,467,190
ad_5707,-17,8
ad_5708,4770,1353
ad_5709,4069,1048
ad_5710,1888,236
ad_5711,3317,173
ad_5712,3591,81
ad_5713,2740,77
ad_5714,3929,845
ad_5715,1659,573
ad_5716,0,1
ad_5717,1507,221
ad_5718,1815,736
ad_5719,2940,1039
ad_5720,4285,1424
ad_5721,2629,1132
ad_5722,571,183
ad_5723,4124,455
ad_5724,4318,-42
ad_5725,2251,-37
ad_5726,1581,723
ad_5727,3154,88
ad_5728,373,100
ad_5729,368,182
ad_5730,4936,-2
ad_5731,-45,31
ad_5732,2058,206
ad_5733,3564,1184
ad_5734,2562,768
ad_5735,1472,652
ad_5736,-45,32
ad_5737,4947,318
ad_5738,155,163
ad_5739,4142,1178
ad_5740,316,63
ad_5741,352,413
ad_5742,2683,43
ad_5743,1866,820
ad_5744,3829,231
ad_5745,1739,11
ad_5746,1882,65
ad_5747,1108,81
ad_5748,-38,10
ad_5749,2652,1171
ad_5750,0,12
ad_5751,1343,275
ad_5752,0,9
ad_5753,1095,25
ad_5754,-13,26
ad_5755,-9,15
ad_5756,4773,258
ad_5757,1070,284
ad_5758,4885,1628
ad_5759,1441,715
ad_5760,0,4
ad_5761,4988,323
ad_5762,1169,547
ad_5763,4824,2376
ad_5764,58,13
ad_5765,2197,391
ad_5766,3252,791
ad_5767,1858,78
ad_5768,592,3
ad_5769,4718,659
ad_5770,2913,529
ad_5771,460,11
ad_5772,3481,846
ad_5773,2458,1192
ad_5774,2525,521
ad_5775,2283,804
ad_5776,2692,781
ad_5777,3311,1245
ad_5778,828,34
ad_5779,2456,43
ad_5780,3964,1513
ad_5781,2796,87
ad_5782,3425,1072
ad_5783,4203,1323
ad_5784,1542,570
ad_5785,4224,1333
ad_5786,2576,1261
ad_5787,4497,69
ad_5788,477,30
ad_5789,1739,551
ad_5790,3092,1524
ad_5791,638,-23
ad_5792,1314,552
ad_5793,2566,283
ad_5794,1987,608
ad_5795,729,16
ad_5796,1430,203
ad_5797,311,126
ad_5798,4154,1652
ad_5799,1783,485
ad_5800,1344,104
ad_5801,3831,1221
ad_5802,1173,244
ad_5803,2554,732
ad_5804,1517,669
ad_5805,4135,206
ad_5806,166,81
ad_5807,2041,681
ad_5808,0,23
ad_5809,137,51
ad_5810,665,257
ad_5811,1109,287
ad_5812,711,305
ad_5813,4095,104
ad_5814,-31,0
ad_5815,183,-12
ad_5816,3362,1668
ad_5817,1186,134
ad_5818,4246,1948
ad_5819,957,405
ad_5820,1489,-11
ad_5821,243,11
ad_5822,321,405
ad_5823,920,31
ad_5824,3893,1798
ad_5825,4695,17
ad_5826,287,121
ad_5827,1581,378
ad_5828,4070,392
ad_5829,1327,408
ad_5830,4139,1970
ad_5831,1261,70
ad_5832,1297,-33
ad_5833,374,457
ad_5834,3404,794
ad_5835,3801,422
ad_5836,3854,487
ad_5837,3274,1004
ad_5838,2225,49
ad_5839,4158,859
ad_5840,1260,498
ad_5841,684,125
ad_5842,968,149
ad_5843,4928,2309
ad_5844,3648,848
ad_5845,4010,988
ad_5846,2692,632
ad_5847,968,244
ad_5848,3587,131
ad_5849,2506,81
ad_5850,1958,-23
ad_5851,448,205
ad_5852,-40,8
ad_5853,3306,1194
ad_5854,1085,535
ad_5855,3330,1462
ad_5856,1089,21
ad_5857,3588,1766
ad_5858,2442,1137
ad_5859,311,321
ad_5860,1848,893
ad_5861,125,136
ad_5862,2361,406
ad_5863,127,160
ad_5864,696,296
ad_5865,3448,1230
ad_5866,2460,580
ad_5867,2004,744
ad_5868,1888,86
ad_5869,3879,390
ad_5870,4337,772
ad_5871,4476,819
ad_5872,225,314
ad_5873,2792,975
ad_5874,566,15
ad_5875,4114,1416
ad_5876,3026,483
ad_5877,0,44
ad_5878,1018,155
ad_5879,3607,1215
ad_5880,4077,383
ad_5881,402,190
ad_5882,443,527
ad_5883,2558,1221
ad_5884,4153,786
ad_5885,3917,1332
ad_5886,4081,256
ad_5887,2470,722
ad_5888,3146,751
ad_5889,4345,963
ad_5890,3130,183
ad_5891,3149,139
ad_5892,3097,1045
ad_5893,-33,16
ad_5894,2573,535
ad_5895,3086,643
ad_5896,2341,741
ad_5897,2376,151
ad_5898,1024,147
ad_5899,4282,213
ad_5900,1507,370
ad_5901,2656,807
ad_5902,823,85
ad_5903,0,17
ad_5904,2278,908
ad_5905,1723,491
ad_5906,1957,328
ad_5907,2865,1183
ad_5908,-11,20
ad_5909,3244,812
ad_5910,2201,940
ad_5911,632,115
ad_5912,1764,-5
ad_5913,4211,568
ad_5914,3532,-5
ad_5915,1433,604
ad_5916,4424,887
ad_5917,1422,477
ad_5918,4001,166
ad_5919,238,18
ad_5920,3547,1647
ad_5921,862,94
ad_5922,2915,973
ad_5923,3889,-41
ad_5924,3280,785
ad_5925,2002,275
ad_5926,2191,175
ad_5927,4940,1482
ad_5928,0,36
ad_5929,891,212
ad_5930,3767,1063
ad_5931,949,27
ad_5932,1962,970
ad_5933,4379,1169
ad_5934,86,31
ad_5935,2518,828
ad_5936,1151,495
ad_5937,3856,845
ad_5938,-28,8
ad_5939,4941,2208
ad_5940,2224,971
ad_5941,3124,55
ad_5942,421,158
ad_5943,1791,646
ad_5944,296,391
ad_5945,4420,1529
ad_5946,622,303
ad_5947,402,122
ad_5948,999,84
ad_5949,189,65
ad_5950,2151,604
ad_5951,1659,715
ad_5952,920,190
ad_5953,637,130
ad_5954,2690,196
ad_5955,1042,401
ad_5956,4611,439
ad_5957,4412,1061
ad_5958,2703,701
ad_5959,4269,708
ad_5960,2470,594
ad_5961,783,321
ad_5962,2347,636
ad_5963,4879,542
ad_5964,4480,2170
ad_5965,3268,108
ad_5966,3132,588
ad_5967,3804,699
ad_5968,4075,1866
ad_5969,1117,262
ad_5970,514,75
ad_5971,4897,1478
ad_5972,1922,193
ad_5973,406,192
ad_5974,1665,220
ad_5975,2039,105
ad_5976,4625,395
ad_5977,2660,915
ad_5978,1744,570
ad_5979,3149,1144
ad_5980,3597,1132
ad_5981,3727,-20
ad_5982,1931,252
ad_5983,2590,638
ad_5984,2858,238
ad_5985,2363,-6
ad_5986,-23,35
ad_5987,329,16
ad_5988,2500,643
ad_5989,2473,1112
ad_5990,3646,471
ad_5991,3380,763
ad_5992,1763,353
ad_5993,4427,301
ad_5994,0,25
ad_5995,4802,475
ad_5996,4224,1799
ad_5997,1913,856
ad_5998,4027,2004
ad_5999,4643,270
ad_6000,3514,1636
ad_6001,247,298
ad_6002,395,118
ad_6003,4953,1329
ad_6004,4542,1741
ad_6005,4143,1325
ad_6006,4543,745
ad_6007,4025,555
ad_6008,2961,878
ad_6009,3702,1377
ad_6010,3886,1747
ad_6011,-5,21
ad_6012,2973,693
ad_6013,3099,577
ad_6014,1359,290
ad_6015,1138,132
ad_6016,4089,-46
ad_6017,2953,988
ad_6018,1038,466
ad_6019,4244,2092
ad_6020,1115,374
ad_6021,3878,120
ad_6022,4812,1686
ad_6023,3666,254
ad_6024,-11,25
ad_6025,1962,-1
ad_6026,4938,-23
ad_6027,-19,47
ad_6028,821,292
ad_6029,4212,1490
ad_6030,0,34
ad_6031,-16,23
ad_6032,3822,320
ad_6033,2125,666
ad_6034,2449,748
ad_6035,760,239
ad_6036,4079,261
ad_6037,3686,190
ad_6038,1238,249
ad_6039,1523,97
ad_6040,1588,453
ad_6041,4900,1319
ad_6042,4214,1474
ad_6043,4041,1222
ad_6044,3780,1563
ad_6045,342,390
ad_6046,92,171
ad_6047,2472,944
ad_6048,3805,1290
ad_6049,-8,29
ad_6050,2191,840
ad_6051,3889,312
ad_6052,387,429
ad_6053,4649,216
ad_6054,4619,-48
ad_6055,512,96
ad_6056,2033,967
ad_6057,4669,1622
ad_6058,4771,1622
ad_6059,1726,722
ad_6060,2585,423
ad_6061,196,246
ad_6062,1050,521
ad_6063,365,114
ad_6064,4039,641
ad_6065,3509,578
ad_6066,3399,91
ad_6067,4565,31
ad_6068,1157,425
ad_6069,669,167
ad_6070,1991,421
ad_6071,1796,328
ad_6072,-31,28
ad_6073,58,7
ad_6074,4894,996
ad_6075,1871,551
ad_6076,4941,1400
ad_6077,582,281
ad_6078,3556,864
ad_6079,4460,2212
ad_6080,0,4
ad_6081,4975,306
ad_6082,1551,658
ad_6083,4537,2119
ad_6084,0,30
ad_6085,1288,48
ad_6086,4269,1221
ad_6087,1354,206
ad_6088,4953,674
ad_6089,3269,321
ad_6090,-47,48
ad_6091,708,171
ad_6092,3906,1162
ad_6093,722,52
ad_6094,3973,397
ad_6095,4430,374
ad_6096,305,363
ad_6097,-3,41
ad_6098,186,10
ad_6099,3529,462
ad_6100,4682,2226
ad_6101,3830,6
ad_6102,2623,1290
ad_6103,2923,451
ad_6104,1719,479
ad_6105,1110,244
ad_6106,4723,362
ad_6107,3229,1578
ad_6108,0,14
ad_6109,4187,715
ad_6110,4075,906
ad_6111,3459,1047
ad_6112,4939,2421
ad_6113,3367,1038
ad_6114,2412,481
ad_6115,154,27
ad_6116,1299,297
ad_6117,4248,236
ad_6118,1832,476
ad_6119,312,326
ad_6120,2588,810
ad_6121,3725,1067
ad_6122,4406,711
ad_6123,941,440
ad_6124,237,300
ad_6125,2596,883
ad_6126,2569,605
ad_6127,4625,1864
ad_6128,-44,20
ad_6129,2190,984
ad_6130,2401,755
ad_6131,4536,1503
ad_6132,2135,121
ad_6133,3849,1773
ad_6134,979,51
ad_6135,4964,1768
ad_6136,2656,1224
ad_6137,3849,1319
ad_6138,4318,58
ad_6139,1207,-27
ad_6140,4318,781
ad_6141,3046,1448
ad_6142,632,20
ad_6143,4565,2207
ad_6144,-9,6
ad_6145,3936,886
ad_6146,3047,791
ad_6147,2681,437
ad_6148,23,45
ad_6149,2478,694
ad_6150,204,57
ad_6151,1782,259
ad_6152,1302,52
ad_6153,1228,-31
ad_6154,2816,693
ad_6155,2670,496
ad_6156,66,16
ad_6157,-30,9
ad_6158,1918,103
ad_6159,179,219
ad_6160,3367,1534
ad_6161,2424,847
ad_6162,4615,185
ad_6163,441,130
ad_6164,3598,1261
ad_6165,3526,599
ad_6166,2665,-34
ad_6167,114,33
ad_6168,440,488
ad_6169,3422,364
ad_6170,2590,227
ad_6171,4161,1397
ad_6172,4887,127
ad_6173,1576,182
ad_6174,-15,19
ad_6175,1765,636
ad_6176,3312,964
ad_6177,2651,704
ad_6178,1025,443
ad_6179,4596,2246
ad_6180,2955,1261
ad_6181,0,0
ad_6182,687,155
ad_6183,4435,1335
ad_6184,3193,725
ad_6185,3352,212
ad_6186,4499,1605
ad_6187,106,30
ad_6188,1325,-2
ad_6189,1114,182
ad_6190,2389,297
ad_6191,888,13
ad_6192,3519,924
ad_6193,202,73
ad_6194,4932,915
ad_6195,1196,125
ad_6196,-2,7
ad_6197,3255,1370
ad_6198,2803,1327
ad_6199,1787,807
ad_6200,4817,2019
ad_6201,1065,31
ad_6202,31,102
ad_6203,3278,35
ad_6204,745,80
ad_6205,4218,120
ad_6206,580,261
ad_6207,1107,482
ad_6208,2750,876
ad_6209,-15,23
ad_6210,1832,367
ad_6211,3208,154
ad_6212,442,445
ad_6213,2522,1104
ad_6214,3924,1076
ad_6215,685,303
ad_6216,2698,275
ad_6217,3836,793
ad_6218,1553,92
ad_6219,3906,691
ad_6220,3130,1293
ad_6221,1700,400
ad_6222,1718,218
ad_6223,167,27
ad_6224,2420,-39
ad_6225,21,67
ad_6226,4839,2123
ad_6227,4954,1906
ad_6228,657,236
ad_6229,564,5
ad_6230,2066,441
ad_6231,3361,805
ad_6232,974,-22
ad_6233,4533,1353
ad_6234,3718,672
ad_6235,2837,39
ad_6236,2863,783
ad_6237,4710,830
ad_6238,3599,67
ad_6239,4464,1247
ad_6240,4515,653
ad_6241,706,35
ad_6242,-20,47
ad_6243,667,312
ad_6244,3295,678
ad_6245,1760,762
ad_6246,1266,610
ad_6247,2752,690
ad_6248,4074,1179
ad_6249,3172,148
ad_6250,2376,182
ad_6251,3604,972
ad_6252,4671,1584
ad_6253,4173,1164
ad_6254,-26,16
ad_6255,119,37
ad_6256,4298,830
ad_6257,-23,27
ad_6258,4000,405
ad_6259,203,261
ad_6260,4606,9
ad_6261,2349,307
ad_6262,2286,539
ad_6263,989,131
ad_6264,483,555
ad_6265,2771,1148
ad_6266,643,205
ad_6267,4238,184
ad_6268,0,30
ad_6269,887,103
ad_6270,498,515
ad_6271,3924,-39
ad_6272,2731,125
ad_6273,141,64
ad_6274,730,4
ad_6275,403,445
ad_6276,854,42
ad_6277,4080,-37
ad_6278,3108,717
ad_6279,3297,459
ad_6280,1361,63
ad_6281,2228,-9
ad_6282,3198,626
ad_6283,2879,249
ad_6284,2875,-36
ad_6285,1970,934
ad_6286,3408,1270
ad_6287,1015,365
ad_6288,2568,1042
ad_6289,1156,158
ad_6290,2885,287
ad_6291,3791,444
ad_6292,4157,440
ad_6293,1076,126
ad_6294,739,135
ad_6295,371,427
ad_6296,2593,583
ad_6297,3562,507
ad_6298,137,172
ad_6299,1845,174
ad_6300,51,25
ad_6301,196,212
ad_6302,358,393
ad_6303,2178,775
ad_6304,717,39
ad_6305,743,129
ad_6306,4412,1034
ad_6307,2115,596
ad_6308,1458,-20
ad_6309,0,17
ad_6310,4333,1404
ad_6311,3296,956
ad_6312,4188,1575
ad_6313,2133,336
ad_6314,3457,844
ad_6315,3860,-9
ad_6316,634,297
ad_6317,2713,757
ad_6318,2970,272
ad_6319,4699,152
ad_6320,0,1
ad_6321,4387,1713
ad_6322,2885,1330
ad_6323,4802,103
ad_6324,0,15
ad_6325,809,311
ad_6326,0,22
ad_6327,1848,-44
ad_6328,1478,615
ad_6329,3604,63
ad_6330,3510,1092
ad_6331,725,117
ad_6332,2055,490
ad_6333,1480,286
ad_6334,1390,545
ad_6335,1296,184
ad_6336,825,386
ad_6337,1561,656
ad_6338,2548,1116
ad_6339,4178,886
ad_6340,4365,473
ad_6341,3719,1810
ad_6342,153,202
ad_6343,3857,1772
ad_6344,415,110
ad_6345,1276,423
ad_6346,2485,147
ad_6347,1871,728
ad_6348,4544,1550
ad_6349,3095,713
ad_6350,3988,-39
ad_6351,391,83
ad_6352,3361,142
ad_6353,258,259
ad_6354,3862,1641
ad_6355,92,149
ad_6356,3254,844
ad_6357,1787,528
ad_6358,1204,394
ad_6359,2571,1162
ad_6360,4559,179
ad_6361,285,3
ad_6362,367,84
ad_6363,3603,649
ad_6364,-46,30
ad_6365,418,436
ad_6366,1127,262
ad_6367,4522,693
ad_6368,3457,1252
ad_6369,2745,740
ad_6370,2024,761
ad_6371,4528,894
ad_6372,4554,1447
ad_6373,2972,845
ad_6374,4655,1223
ad_6375,2010,617
ad_6376,107,27
ad_6377,3201,245
ad_6378,2131,1002
ad_6379,1215,444
ad_6380,1802,442
ad_6381,2392,479
ad_6382,2761,723
ad_6383,1042,216
ad_6384,2891,1025
ad_6385,2694,-28
ad_6386,1499,88
ad_6387,2956,446
ad_6388,2116,115
ad_6389,3822,633
ad_6390,2977,1435
ad_6391,-41,8
ad_6392,3892,817
ad_6393,485,516
ad_6394,4788,571
ad_6395,3387,-17
ad_6396,2386,596
ad_6397,220,5
ad_6398,1274,9
ad_6399,3438,613
ad_6400,98,12
ad_6401,292,46
ad_6402,939,253
ad_6403,3001,1105
ad_6404,3295,1008
ad_6405,312,352
ad_6406,4289,-43
ad_6407,4631,2202
ad_6408,1214,422
ad_6409,-43,44
ad_6410,4436,783
ad_6411,1815,59
ad_6412,331,381
ad_6413,3606,1436
ad_6414,2281,86
ad_6415,3081,1164
ad_6416,3809,1790
ad_6417,2874,761
ad_6418,2595,545
ad_6419,3659,-21
ad_6420,3483,534
ad_6421,1419,517
ad_6422,4236,2055
ad_6423,4128,2064
ad_6424,2274,292
ad_6425,1207,439
ad_6426,3952,1635
ad_6427,4090,584
ad_6428,4617,613
ad_6429,2951,737
ad_6430,2029,68
ad_6431,1954,450
ad_6432,115,155
ad_6433,2376,742
ad_6434,3159,1518
ad_6435,824,374
ad_6436,-45,3
ad_6437,-22,20
ad_6438,1943,211
ad_6439,3896,1209
ad_6440,4726,392
ad_6441,3148,635
ad_6442,4080,241
ad_6443,1985,416
ad_6444,4484,1585
ad_6445,2239,-42
ad_6446,1391,253
ad_6447,3996,346
ad_6448,1728,152
ad_6449,4695,1068
ad_6450,2246,703
ad_6451,4000,692
ad_6452,3148,174
ad_6453,4439,1373
ad_6454,3539,1379
ad_6455,3028,1502
ad_6456,4348,1112
ad_6457,1663,691
ad_6458,3441,1128
ad_6459,3693,457
ad_6460,4281,928
ad_6461,2028,208
ad_6462,1209,167
ad_6463,1794,645
ad_6464,497,562
ad_6465,3719,1437
ad_6466,-4,48
ad_6467,2856,479
ad_6468,186,-9
ad_6469,2275,216
ad_6470,1792,249
ad_6471,2302,1080
ad_6472,0,3
ad_6473,0,12
ad_6474,2169,829
ad_6475,3228,305
ad_6476,0,32
ad_6477,651,16
ad_6478,736,108
ad_6479,1363,-9
ad_6480,4462,89
ad_6481,3549,715
ad_6482,4974,1904
ad_6483,3185,-42
ad_6484,4035,975
ad_6485,124,8
ad_6486,2281,845
ad_6487,2724,337
ad_6488,4180,1104
ad_6489,0,37
ad_6490,1509,368
ad_6491,2785,232
ad_6492,2009,-18
ad_6493,2342,335
ad_6494,2097,168
ad_6495,3287,1002
ad_6496,4006,1962
ad_6497,932,296
ad_6498,257,62
ad_6499,4485,541
ad_6500,675,31
ad_6501,2893,966
ad_6502,2745,1215
ad_6503,4361,79
ad_6504,1212,279
ad_6505,3108,1326
ad_6506,3743,-30
ad_6507,110,5
ad_6508,2879,231
ad_6509,150,223
ad_6510,1991,302
ad_6511,3220,58
ad_6512,984,214
ad_6513,816,88
ad_6514,427,512
ad_6515,2579,1203
ad_6516,4738,85
ad_6517,4649,2071
ad_6518,3957,1260
ad_6519,1100,526
ad_6520,410,17
ad_6521,3431,819
ad_6522,3601,305
ad_6523,3719,822
ad_6524,4170,1518
ad_6525,1734,438
ad_6526,1893,-39
ad_6527,4468,1697
ad_6528,499,526
ad_6529,0,35
ad_6530,1287,628
ad_6531,4123,1859
ad_6532,4771,411
ad_6533,4090,1778
ad_6534,1876,163
ad_6535,88,28
ad_6536,3354,1121
ad_6537,435,490
ad_6538,2591,853
ad_6539,903,249
ad_6540,3267,1349
ad_6541,-8,48
ad_6542,2311,174
ad_6543,1668,619
ad_6544,3129,1263
ad_6545,443,145
ad_6546,2208,621
ad_6547,1313,362
ad_6548,4503,706
ad_6549,2049,-19
ad_6550,2062,321
ad_6551,3614,1729
ad_6552,1433,85
ad_6553,3842,975
ad_6554,-46,7
ad_6555,3930,1180
ad_6556,-29,49
ad_6557,133,44
ad_6558,399,81
ad_6559,26,67
ad_6560,2299,117
ad_6561,49,53
ad_6562,3114,821
ad_6563,535,225
ad_6564,989,-26
ad_6565,0,39
ad_6566,968,285
ad_6567,907,237
ad_6568,4024,1480
ad_6569,3842,1029
ad_6570,2552,1004
ad_6571,2126,557
ad_6572,4032,1389
ad_6573,3619,1603
ad_6574,4078,1556
ad_6575,668,264
ad_6576,3535,1007
ad_6577,3859,1546
ad_6578,4632,-8
ad_6579,4949,489
ad_6580,229,56
ad_6581,1665,441
ad_6582,3370,37
ad_6583,3385,1022
ad_6584,4987,2176
ad_6585,3800,319
ad_6586,3729,1554
ad_6587,-22,26
ad_6588,3716,1568
ad_6589,3079,826
ad_6590,2734,-6
ad_6591,2357,560
ad_6592,1436,-37
ad_6593,209,61
ad_6594,4267,1604
ad_6595,2032,819
ad_6596,2342,752
ad_6597,880,356
ad_6598,2022,359
ad_6599,-17,4
ad_6600,3701,1232
ad_6601,913,-14
ad_6602,2713,1205
ad_6603,4793,1808
ad_6604,1398,381
ad_6605,90,1
ad_6606,1494,416
ad_6607,0,17
ad_6608,4153,92
ad_6609,2976,69
ad_6610,4627,1124
ad_6611,3766,60
ad_6612,893,380
ad_6613,791,-39
ad_6614,1362,12
ad_6615,855,173
ad_6616,2405,1170
ad_6617,3015,1060
ad_6618,1924,28
ad_6619,2978,1280
ad_6620,2967,277
ad_6621,3580,-12
ad_6622,2266,121
ad_6623,2506,434
ad_6624,2448,27
ad_6625,231,67
ad_6626,1946,506
ad_6627,499,-7
ad_6628,2772,1360
ad_6629,1474,635
ad_6630,4099,1984
ad_6631,-13,48
ad_6632,4324,38
ad_6633,2935,9
ad_6634,3817,1883
ad_6635,3023,277
ad_6636,495,140
ad_6637,3618,801
ad_6638,4000,1608
ad_6639,2704,908
ad_6640,4583,532
ad_6641,316,140
ad_6642,2650,770
ad_6643,2201,674
ad_6644,4515,564
ad_6645,228,50
ad_6646,-20,46
ad_6647,4239,1972
ad_6648,3798,1755
ad_6649,4263,1718
ad_6650,3792,1590
ad_6651,3886,1085
ad_6652,-30,18
ad_6653,2436,895
ad_6654,215,246
ad_6655,1394,504
ad_6656,3874,1223
ad_6657,3106,471
ad_6658,1150,147
ad_6659,1254,203
ad_6660,850,329
ad_6661,1199,508
ad_6662,4483,1798
ad_6663,150,36
ad_6664,3210,444
ad_6665,499,187
ad_6666,1918,640
ad_6667,3995,23
ad_6668,4888,1715
ad_6669,2984,437
ad_6670,899,183
ad_6671,406,463
ad_6672,1259,494
ad_6673,907,147
ad_6674,4732,913
ad_6675,4319,1986
ad_6676,3119,1478
ad_6677,0,21
ad_6678,3722,874
ad_6679,238,270
ad_6680,866,354
ad_6681,2871,500
ad_6682,89,3
ad_6683,435,93
ad_6684,3516,891
ad_6685,3903,1785
ad_6686,1883,140
ad_6687,2813,974
ad_6688,2304,540
ad_6689,4417,1243
ad_6690,164,6
ad_6691,4306,940
ad_6692,105,203
ad_6693,0,5
ad_6694,3255,779
ad_6695,1741,417
ad_6696,1020,96
ad_6697,2256,649
ad_6698,3582,1027
ad_6699,553,262
ad_6700,2573,524
ad_6701,4163,1456
ad_6702,135,27
ad_6703,0,21
ad_6704,470,536
ad_6705,4581,1768
ad_6706,935,389
ad_6707,195,83
ad_6708,3930,242
ad_6709,4812,732
ad_6710,3281,1430
ad_6711,2715,983
ad_6712,1038,59
ad_6713,2504,341
ad_6714,55,98
ad_6715,2097,79
ad_6716,4606,1094
ad_6717,2026,530
ad_6718,4995,1589
ad_6719,-10,44
ad_6720,4674,1295
ad_6721,4163,1836
ad_6722,1978,310
ad_6723,3681,1012
ad_6724,2633,238
ad_6725,3305,1290
ad_6726,703,333
ad_6727,4932,724
ad_6728,3815,-49
ad_6729,3124,1139
ad_6730,-45,27
ad_6731,-9,45
ad_6732,942,354
ad_6733,162,-46
ad_6734,2009,691
ad_6735,2718,711
ad_6736,4807,1675
ad_6737,2664,879
ad_6738,4848,928
ad_6739,1125,264
ad_6740,3782,1122
ad_6741,231,106
ad_6742,2208,423
ad_6743,1715,296
ad_6744,2998,1382
ad_6745,4596,322
ad_6746,4697,1786
ad_6747,801,105
ad_6748,2508,497
ad_6749,2932,826
ad_6750,4388,693
ad_6751,1199,536
ad_6752,2364,102
ad_6753,283,75
ad_6754,4360,774
ad_6755,1357,128
ad_6756,4172,936
ad_6757,1970,-27
ad_6758,229,9
ad_6759,4146,671
ad_6760,-28,12
ad_6761,1776,28
ad_6762,1865,216
ad_6763,1329,414
ad_6764,3492,1437
ad_6765,2946,1175
ad_6766,1685,495
ad_6767,77,121
ad_6768,4645,570
ad_6769,924,362
ad_6770,1534,212
ad_6771,4961,1247
ad_6772,260,303
ad_6773,2986,-48
ad_6774,26,103
ad_6775,3825,288
ad_6776,423,480
ad_6777,2727,1319
ad_6778,3491,1293
ad_6779,-35,37
ad_6780,1657,328
ad_6781,1782,426
ad_6782,4907,1631
ad_6783,1406,694
ad_6784,348,7
ad_6785,1584,414
ad_6786,3804,-34
ad_6787,2796,512
ad_6788,1696,284
ad_6789,199,291
ad_6790,339,65
ad_6791,1005,275
ad_6792,417,23
ad_6793,4359,1957
ad_6794,2381,873
ad_6795,3654,1785
ad_6796,969,287
ad_6797,3276,119
ad_6798,0,7
ad_6799,2531,776
ad_6800,-3,0
ad_6801,2779,815
ad_6802,808,19
ad_6803,3809,-11
ad_6804,-38,12
ad_6805,981,40
ad_6806,0,41
ad_6807,2523,360
ad_6808,2184,372
ad_6809,796,117
ad_6810,0,38
ad_6811,2402,386
ad_6812,2116,674
ad_6813,0,7
ad_6814,2217,46
ad_6815,-38,1
ad_6816,4535,427
ad_6817,1083,369
ad_6818,-16,25
ad_6819,3412,642
ad_6820,870,209
ad_6821,445,447
ad_6822,4138,957
ad_6823,1910,936
ad_6824,1616,512
ad_6825,2753,1154
ad_6826,4197,-48
ad_6827,1722,58
ad_6828,255,342
ad_6829,4053,1707
ad_6830,4463,778
ad_6831,438,209
ad_6832,1365,274
ad_6833,966,290
ad_6834,1294,558
ad_6835,4948,1933
ad_6836,3394,187
ad_6837,341,55
ad_6838,991,221
ad_6839,1844,-26
ad_6840,1828,26
ad_6841,-13,47
ad_6842,4547,994
ad_6843,1572,249
ad_6844,1544,92
ad_6845,0,38
ad_6846,3910,571
ad_6847,2120,274
ad_6848,253,324
ad_6849,4507,177
ad_6850,-31,12
ad_6851,1013,65
ad_6852,3669,565
ad_6853,2588,239
ad_6854,937,14
ad_6855,2142,63
ad_6856,303,112
ad_6857,2088,513
ad_6858,3638,1264
ad_6859,3764,723
ad_6860,1410,76
ad_6861,4891,696
ad_6862,390,160
ad_6863,2932,1060
ad_6864,2925,145
ad_6865,4140,1948
ad_6866,4379,679
ad_6867,3487,874
ad_6868,1235,365
ad_6869,1729,588
ad_6870,3542,424
ad_6871,2548,982
ad_6872,555,233
ad_6873,4432,-37
ad_6874,266,-18
ad_6875,792,192
ad_6876,583,141
ad_6877,4337,338
ad_6878,4848,1370
ad_6879,-32,24
ad_6880,426,473
ad_6881,677,207
ad_6882,4720,1264
ad_6883,189,248
ad_6884,248,337
ad_6885,3906,1657
ad_6886,2714,143
ad_6887,607,146
ad_6888,506,63
ad_6889,3021,1226
ad_6890,4272,246
ad_6891,2087,701
ad_6892,371,22
ad_6893,1414,638
ad_6894,3456,128
ad_6895,3525,-23
ad_6896,3158,410
ad_6897,4524,791
ad_6898,3811,1040
ad_6899,182,43
ad_6900,248,93
ad_6901,4885,342
ad_6902,3326,1096
ad_6903,396,478
ad_6904,762,-19
ad_6905,4517,852
ad_6906,228,250
ad_6907,3543,1320
ad_6908,4500,469
ad_6909,4695,1103
ad_6910,1937,291
ad_6911,720,325
ad_6912,4802,-9
ad_6913,4290,654
ad_6914,4560,340
ad_6915,610,154
ad_6916,0,37
ad_6917,2081,792
ad_6918,179,32
ad_6919,2179,488
ad_6920,1288,633
ad_6921,584,98
ad_6922,205,64
ad_6923,442,59
ad_6924,2245,543
ad_6925,2910,1041
ad_6926,2277,388
ad_6927,1671,256
ad_6928,262,286
ad_6929,385,395
ad_6930,3844,426
ad_6931,2289,1111
ad_6932,1274,567
ad_6933,113,40
ad_6934,369,426
ad_6935,0,41
ad_6936,3379,855
ad_6937,3245,954
ad_6938,2180,178
ad_6939,1108,229
ad_6940,305,133
ad_6941,3315,1251
ad_6942,620,39
ad_6943,3088,-45
ad_6944,3208,1560
ad_6945,4430,2165
ad_6946,99,46
ad_6947,3583,1271
ad_6948,1708,284
ad_6949,107,150
ad_6950,4755,1457
ad_6951,3697,559
ad_6952,3963,885
ad_6953,-44,3
ad_6954,2642,805
ad_6955,549,22
ad_6956,4783,1941
ad_6957,1588,471
ad_6958,3264,690
ad_6959,3782,1675
ad_6960,413,89
ad_6961,4791,1194
ad_6962,531,138
ad_6963,4229,-10
ad_6964,2153,683
ad_6965,3350,546
ad_6966,4112,1696
ad_6967,3599,345
ad_6968,65,123
ad_6969,0,5
ad_6970,4227,-2
ad_6971,2756,381
ad_6972,112,172
ad_6973,4411,1156
ad_6974,404,102
ad_6975,4291,1906
ad_6976,3985,1876
ad_6977,402,171
ad_6978,367,135
ad_6979,3716,431
ad_6980,4412,726
ad_6981,3385,1500
ad_6982,2614,461
ad_6983,4949,990
ad_6984,486,554
ad_6985,3670,-17
ad_6986,4632,1147
ad_6987,3367,1016
ad_6988,630,18
ad_6989,2875,886
ad_6990,843,-12
ad_6991,4252,2103
ad_6992,358,451
ad_6993,2242,1058
ad_6994,2981,24
ad_6995,4489,993
ad_6996,910,359
ad_6997,2008,656
ad_6998,776,66
ad_6999,4738,901
ad_7000,2625,-38
ad_7001,2565,762
ad_7002,4491,25
ad_7003,436,65
ad_7004,2401,234
ad_7005,3957,945
ad_7006,-7,14
ad_7007,149,22
ad_7008,3364,897
ad_7009,1319,72
ad_7010,3875,1122
ad_7011,1465,700
ad_7012,224,312
ad_7013,4278,2017
ad_7014,1073,92
ad_7015,4537,398
ad_7016,1554,534
ad_7017,1033,386
ad_7018,3828,963
ad_7019,3196,1368
ad_7020,4304,1547
ad_7021,2283,-25
ad_7022,327,14
ad_7023,349,447
ad_7024,2679,514
ad_7025,0,22
ad_7026,3606,729
ad_7027,1223,406
ad_7028,1202,346
ad_7029,549,37
ad_7030,1890,408
ad_7031,0,6
ad_7032,2822,1148
ad_7033,2834,1114
ad_7034,295,-23
ad_7035,557,167
ad_7036,3342,1567
ad_7037,1470,665
ad_7038,1023,455
ad_7039,3333,603
ad_7040,153,20
ad_7041,4982,-13
ad_7042,1461,525
ad_7043,3651,1675
ad_7044,849,85
ad_7045,1935,891
ad_7046,2453,1158
ad_7047,672,181
ad_7048,3196,662
ad_7049,2295,839
ad_7050,1201,222
ad_7051,198,96
ad_7052,2157,341
ad_7053,-35,17
ad_7054,4246,2061
ad_7055,0,8
ad_7056,2038,51
ad_7057,3732,1842
ad_7058,3569,1557
ad_7059,4115,1229
ad_7060,0,33
ad_7061,4009,49
ad_7062,2186,847
ad_7063,2974,1138
ad_7064,3941,1410
ad_7065,2728,726
ad_7066,2982,74
ad_7067,2633,981
ad_7068,2398,364
ad_7069,1129,401
ad_7070,408,462
ad_7071,4293,-11
ad_7072,672,251
ad_7073,1406,236
ad_7074,884,268
ad_7075,4348,1916
ad_7076,420,102
ad_7077,4168,1809
ad_7078,2474,1177
ad_7079,2464,1183
ad_7080,3022,567
ad_7081,4041,178
ad_7082,1967,114
ad_7083,4372,846
ad_7084,83,31
ad_7085,3488,595
ad_7086,3762,1423
ad_7087,3985,1653
ad_7088,1967,684
ad_7089,1671,52
ad_7090,346,112
ad_7091,4868,395
ad_7092,712,46
ad_7093,4938,269
ad_7094,1393,102
ad_7095,3329,428
ad_7096,861,240
ad_7097,834,309
ad_7098,4269,133
ad_7099,3057,581
ad_7100,1704,637
ad_7101,2376,541
ad_7102,4483,1130
ad_7103,674,252
ad_7104,0,11
ad_7105,4037,757
ad_7106,1569,18
ad_7107,4905,2000
ad_7108,3147,1104
ad_7109,0,49
ad_7110,3422,579
ad_7111,1679,75
ad_7112,921,-14
ad_7113,2992,1094
ad_7114,3491,721
ad_7115,2673,-42
ad_7116,914,149
ad_7117,446,459
ad_7118,-36,8
ad_7119,0,24
ad_7120,4156,970
ad_7121,1549,300
ad_7122,3923,1004
ad_7123,267,338
ad_7124,1523,714
ad_7125,305,90
ad_7126,385,132
ad_7127,1581,105
ad_7128,1627,346
ad_7129,3827,912
ad_7130,4281,198
ad_7131,1182,297
ad_7132,2568,372
ad_7133,671,105
ad_7134,793,45
ad_7135,296,33
ad_7136,4388,1126
ad_7137,1991,803
ad_7138,0,7
ad_7139,2970,1448
ad_7140,3078,-35
ad_7141,581,-38
ad_7142,3980,1931
ad_7143,4449,-39
ad_7144,-6,15
ad_7145,2422,382
ad_7146,4305,549
ad_7147,1116,-2
ad_7148,3604,1340
ad_7149,2824,504
ad_7150,0,10
ad_7151,4176,1361
ad_7152,0,8
ad_7153,3126,1293
ad_7154,2426,996
ad_7155,4779,680
ad_7156,4845,670
ad_7157,1959,126
ad_7158,522,172
ad_7159,2872,926
ad_7160,356,418
ad_7161,1947,100
ad_7162,3797,1695
ad_7163,4073,1729
ad_7164,20,96
ad_7165,2534,425
ad_7166,3352,349
ad_7167,398,3
ad_7168,1775,701
ad_7169,1979,-27
ad_7170,3721,26
ad_7171,482,123
ad_7172,1872,428
ad_7173,4206,177
ad_7174,1253,54
ad_7175,3409,138
ad_7176,1377,210
ad_7177,349,353
ad_7178,3430,1256
ad_7179,2485,1124
ad_7180,1773,97
ad_7181,0,19
ad_7182,156,221
ad_7183,1248,29
ad_7184,4664,1442
ad_7185,2897,677
ad_7186,2071,892
ad_7187,921,233
ad_7188,4434,1189
ad_7189,4065,1782
ad_7190,2475,1136
ad_7191,310,351
ad_7192,0,33
ad_7193,-27,16
ad_7194,2267,1009
ad_7195,4153,433
ad_7196,1950,943
ad_7197,4191,1491
ad_7198,418,513
ad_7199,0,48
ad_7200,3915,1849
ad_7201,137,157
ad_7202,-20,26
ad_7203,2245,163
ad_7204,583,78
ad_7205,2253,413
ad_7206,3764,356
ad_7207,1729,704
ad_7208,416,507
ad_7209,-36,41
ad_7210,628,147
ad_7211,-16,34
ad_7212,3434,527
ad_7213,400,457
ad_7214,2350,1028
ad_7215,2807,628
ad_7216,155,243
ad_7217,437,451
ad_7218,142,70
ad_7219,174,60
ad_7220,2645,760
ad_7221,4241,348
ad_7222,2825,815
ad_7223,2263,24
ad_7224,2969,313
ad_7225,2661,67
ad_7226,4319,147
ad_7227,1851,925
ad_7228,4394,1816
ad_7229,3586,1521
ad_7230,3076,757
ad_7231,0,44
ad_7232,3746,1604
ad_7233,2487,505
ad_7234,3608,1202
ad_7235,4169,16
ad_7236,1310,311
ad_7237,1289,335
ad_7238,1769,88
ad_7239,121,22
ad_7240,832,281
ad_7241,1253,259
ad_7242,4013,1507
ad_7243,2850,1323
ad_7244,4218,1194
ad_7245,-48,41
ad_7246,4020,1741
ad_7247,2020,806
ad_7248,361,46
ad_7249,4131,1147
ad_7250,3216,1242
ad_7251,4820,281
ad_7252,2511,467
ad_7253,1858,159
ad_7254,2148,176
ad_7255,2258,945
ad_7256,4290,-8
ad_7257,3683,547
ad_7258,1528,508
ad_7259,69,32
ad_7260,3720,1663
ad_7261,4143,743
ad_7262,2272,867
ad_7263,964,431
ad_7264,2716,940
ad_7265,1319,176
ad_7266,3882,1733
ad_7267,2877,1069
ad_7268,2672,1125
ad_7269,1584,478
ad_7270,146,31
ad_7271,502,90
ad_7272,1453,386
ad_7273,1663,495
ad_7274,2455,369
ad_7275,3686,1679
ad_7276,1691,576
ad_7277,4786,281
ad_7278,3203,121
ad_7279,3302,1061
ad_7280,-4,27
ad_7281,2105,667
ad_7282,3842,1203
ad_7283,504,49
ad_7284,3040,-36
ad_7285,2617,1110
ad_7286,17,59
ad_7287,3599,894
ad_7288,2266,1042
ad_7289,2823,276
ad_7290,4972,432
ad_7291,961,73
ad_7292,446,140
ad_7293,0,24
ad_7294,2628,953
ad_7295,3499,1089
ad_7296,1865,387
ad_7297,0,21
ad_7298,1468,206
ad_7299,810,279
ad_7300,1526,291
ad_7301,3465,1588
ad_7302,3614,1041
ad_7303,4219,-2
ad_7304,-7,31
ad_7305,613,185
ad_7306,1777,760
ad_7307,431,45
ad_7308,2258,368
ad_7309,-13,4
ad_7310,814,129
ad_7311,130,201
ad_7312,2489,888
ad_7313,476,66
ad_7314,322,42
ad_7315,916,-1
ad_7316,729,214
ad_7317,899,265
ad_7318,602,224
ad_7319,3418,1644
ad_7320,3925,1558
ad_7321,3159,922
ad_7322,-24,33
ad_7323,3474,451
ad_7324,239,248
ad_7325,1384,674
ad_7326,1894,290
ad_7327,853,267
ad_7328,1435,595
ad_7329,1366,107
ad_7330,478,77
ad_7331,4759,980
ad_7332,835,266
ad_7333,2072,-18
ad_7334,357,443
ad_7335,2278,790
ad_7336,3160,1353
ad_7337,4298,707
ad_7338,4363,1983
ad_7339,0,10
ad_7340,646,114
ad_7341,825,189
ad_7342,1998,79
ad_7343,3286,1275
ad_7344,4658,933
ad_7345,906,223
ad_7346,3463,493
ad_7347,138,20
ad_7348,2088,-45
ad_7349,1315,376
ad_7350,534,197
ad_7351,432,98
ad_7352,452,-28
ad_7353,2141,747
ad_7354,4740,295
ad_7355,1817,199
ad_7356,789,85
ad_7357,529,128
ad_7358,3310,1096
ad_7359,1502,719
ad_7360,163,4
ad_7361,591,139
ad_7362,72,28
ad_7363,4447,1347
ad_7364,0,28
ad_7365,2872,451
ad_7366,1087,70
ad_7367,2417,401
ad_7368,260,126
ad_7369,2132,286
ad_7370,2701,1333
ad_7371,621,125
ad_7372,0,17
ad_7373,1023,84
ad_7374,2792,1373
ad_7375,1095,424
ad_7376,588,52
ad_7377,4302,2139
ad_7378,-26,45
ad_7379,810,190
ad_7380,3437,105
ad_7381,3665,203
ad_7382,3368,-46
ad_7383,695,244
ad_7384,2964,408
ad_7385,158,251
ad_7386,161,17
ad_7387,399,192
ad_7388,194,216
ad_7389,1393,691
ad_7390,1342,333
ad_7391,2222,703
ad_7392,4365,1050
ad_7393,65,16
ad_7394,329,120
ad_7395,1411,-3
ad_7396,339,9
ad_7397,-28,23
ad_7398,4378,1712
ad_7399,985,331
ad_7400,1263,299
ad_7401,1894,401
ad_7402,165,50
ad_7403,61,20
ad_7404,1274,109
ad_7405,131,7
ad_7406,2558,237
ad_7407,2538,75
ad_7408,2464,397
ad_7409,691,169
ad_7410,-22,22
ad_7411,469,88
ad_7412,3833,292
ad_7413,562,248
ad_7414,1233,209
ad_7415,1976,-7
ad_7416,139,179
ad_7417,293,2
ad_7418,0,38
ad_7419,1486,485
ad_7420,1392,426
ad_7421,3229,1540
ad_7422,691,268
ad_7423,306,384
ad_7424,4759,1176
ad_7425,3036,835
ad_7426,4234,1563
ad_7427,727,151
ad_7428,16,41
ad_7429,2426,-37
ad_7430,1074,355
ad_7431,2440,470
ad_7432,2299,1123
ad_7433,3577,1379
ad_7434,722,186
ad_7435,2726,-41
ad_7436,4587,848
ad_7437,2364,999
ad_7438,843,224
ad_7439,2661,1018
ad_7440,1588,-14
ad_7441,3734,788
ad_7442,3223,87
ad_7443,3349,1341
ad_7444,827,91
ad_7445,354,74
ad_7446,2691,20
ad_7447,3234,-40
ad_7448,2573,-17
ad_7449,792,-35
ad_7450,1948,627
ad_7451,4789,1707
ad_7452,2070,188
ad_7453,1540,708
ad_7454,2577,481
ad_7455,1790,719
ad_7456,4772,1005
ad_7457,174,39
ad_7458,1073,-7
ad_7459,981,93
ad_7460,4647,2083
ad_7461,3668,299
ad_7462,4439,1652
ad_7463,2029,998
ad_7464,1308,65
ad_7465,1008,281
ad_7466,957,32
ad_7467,3149,344
ad_7468,4729,342
ad_7469,1702,-27
ad_7470,788,130
ad_7471,313,29
ad_7472,2055,1017
ad_7473,0,17
ad_7474,4428,976
ad_7475,411,491
ad_7476,292,12
ad_7477,4768,1000
ad_7478,4058,225
ad_7479,1137,62
ad_7480,4191,682
ad_7481,230,100
ad_7482,409,467
ad_7483,2990,77
ad_7484,321,399
ad_7485,4619,56
ad_7486,81,15
ad_7487,1687,830
ad_7488,1499,-4
ad_7489,-44,17
ad_7490,626,129
ad_7491,4901,1216
ad_7492,307,346
ad_7493,1140,250
ad_7494,2520,998
ad_7495,1891,190
ad_7496,2558,393
ad_7497,179,209
ad_7498,0,13
ad_7499,2959,1124
ad_7500,2153,227
ad_7501,2326,93
ad_7502,2747,1041
ad_7503,1060,213
ad_7504,280,17
ad_7505,3956,1588
ad_7506,642,234
ad_7507,1075,515
ad_7508,1869,784
ad_7509,2466,381
ad_7510,1053,511
ad_7511,388,395
ad_7512,1891,288
ad_7513,738,174
ad_7514,0,28
ad_7515,4503,1877
ad_7516,4356,1269
ad_7517,4162,244
ad_7518,3009,451
ad_7519,3174,647
ad_7520,2401,433
ad_7521,4792,2173
ad_7522,3483,1064
ad_7523,1260,24
ad_7524,2927,970
ad_7525,89,126
ad_7526,111,141
ad_7527,1484,164
ad_7528,4627,201
ad_7529,4543,118
ad_7530,3386,452
ad_7531,1323,33
ad_7532,3096,686
ad_7533,4219,1884
ad_7534,2432,167
ad_7535,723,262
ad_7536,3712,774
ad_7537,1176,32
ad_7538,3142,596
ad_7539,4305,1388
ad_7540,4372,1000
ad_7541,1385,514
ad_7542,3505,382
ad_7543,3352,497
ad_7544,1864,64
ad_7545,4792,814
ad_7546,471,484
ad_7547,1104,156
ad_7548,2689,1148
ad_7549,4594,641
ad_7550,196,66
ad_7551,3741,1656
ad_7552,2192,367
ad_7553,397,463
ad_7554,3745,1679
ad_7555,731,35
ad_7556,4457,-10
ad_7557,1699,453
ad_7558,4043,306
ad_7559,3557,1528
ad_7560,984,46
ad_7561,1805,768
ad_7562,3476,1015
ad_7563,-21,41
ad_7564,3291,1067
ad_7565,3567,618
ad_7566,3613,-4
ad_7567,0,40
ad_7568,4571,700
ad_7569,4261,1150
ad_7570,3275,557
ad_7571,158,53
ad_7572,3558,1479
ad_7573,1126,230
ad_7574,4248,538
ad_7575,2434,79
ad_7576,1561,164
ad_7577,69,25
ad_7578,3327,881
ad_7579,807,28
ad_7580,1215,359
ad_7581,3632,-49
ad_7582,1759,342
ad_7583,1774,673
ad_7584,194,256
ad_7585,2608,1031
ad_7586,1906,34
ad_7587,266,305
ad_7588,834,-48
ad_7589,3635,629
ad_7590,4507,1884
ad_7591,-3,32
ad_7592,3757,1315
ad_7593,4821,629
ad_7594,977,223
ad_7595,1884,229
ad_7596,2831,1314
ad_7597,3486,457
ad_7598,1112,391
ad_7599,3265,1487
ad_7600,4235,-1
ad_7601,4347,1784
ad_7602,537,244
ad_7603,139,198
ad_7604,1720,-21
ad_7605,363,422
ad_7606,1693,170
ad_7607,4999,692
ad_7608,826,40
ad_7609,3081,1009
ad_7610,4238,1192
ad_7611,1157,301
ad_7612,4521,2011
ad_7613,1393,557
ad_7614,248,274
ad_7615,2942,158
ad_7616,3798,42
ad_7617,1423,381
ad_7618,4263,560
ad_7619,2152,360
ad_7620,2731,147
ad_7621,2341,478
ad_7622,1359,253
ad_7623,1356,645
ad_7624,3056,930
ad_7625,1098,444
ad_7626,4444,17
ad_7627,2342,162
ad_7628,-47,46
ad_7629,2206,273
ad_7630,784,304
ad_7631,4864,116
ad_7632,893,-21
ad_7633,4065,72
ad_7634,3831,1103
ad_7635,3673,1716
ad_7636,131,21
ad_7637,2055,111
ad_7638,3760,1126
ad_7639,3909,733
ad_7640,4604,1753
ad_7641,3734,813
ad_7642,1750,-4
ad_7643,1327,193
ad_7644,1150,253
ad_7645,4492,-47
ad_7646,4664,100
ad_7647,427,167
ad_7648,4484,1415
ad_7649,155,76
ad_7650,2362,1035
ad_7651,4886,2185
ad_7652,0,12
ad_7653,1768,834
ad_7654,2022,-20
ad_7655,3465,1213
ad_7656,1403,401
ad_7657,423,440
ad_7658,1006,327
ad_7659,0,46
ad_7660,393,400
ad_7661,585,206
ad_7662,0,3
ad_7663,193,89
ad_7664,728,256
ad_7665,692,116
ad_7666,3912,1152
ad_7667,660,58
ad_7668,1599,113
ad_7669,-11,7
ad_7670,4518,1208
ad_7671,3740,1290
ad_7672,2115,793
ad_7673,4019,174
ad_7674,136,169
ad_7675,3780,1178
ad_7676,3787,1712
ad_7677,1378,501
ad_7678,2058,96
ad_7679,3663,641
ad_7680,496,155
ad_7681,1369,415
ad_7682,450,44
ad_7683,3467,794
ad_7684,1538,236
ad_7685,1686,405
ad_7686,1361,35
ad_7687,1583,123
ad_7688,2201,964
ad_7689,2309,556
ad_7690,1882,683
ad_7691,1753,326
ad_7692,1148,11
ad_7693,293,3
ad_7694,1870,838
ad_7695,1038,194
ad_7696,1146,102
ad_7697,4074,1737
ad_7698,2602,51
ad_7699,4226,-31
ad_7700,1668,560
ad_7701,4522,2241
ad_7702,2778,456
ad_7703,1218,372
ad_7704,2173,392
ad_7705,4627,1316
ad_7706,0,4
ad_7707,780,119
ad_7708,2214,625
ad_7709,2968,1287
ad_7710,4595,1630
ad_7711,1769,507
ad_7712,2553,330
ad_7713,3669,929
ad_7714,4821,2064
ad_7715,2631,1299
ad_7716,0,14
ad_7717,4372,118
ad_7718,1865,751
ad_7719,486,57
ad_7720,237,13
ad_7721,1458,115
ad_7722,4545,1829
ad_7723,2384,1055
ad_7724,112,113
ad_7725,3580,272
ad_7726,672,238
ad_7727,1378,14
ad_7728,836,145
ad_7729,4374,1200
ad_7730,3419,1451
ad_7731,3672,1331
ad_7732,2319,1028
ad_7733,2340,1078
ad_7734,4351,1251
ad_7735,-24,10
ad_7736,2665,405
ad_7737,553,-14
ad_7738,3282,-13
ad_7739,4901,469
ad_7740,1863,474
ad_7741,3883,1318
ad_7742,1320,503
ad_7743,4731,1314
ad_7744,1366,253
ad_7745,3623,1260
ad_7746,3380,1331
ad_7747,4647,1735
ad_7748,4350,662
ad_7749,4591,181
ad_7750,272,315
ad_7751,3857,1343
ad_7752,202,281
ad_7753,3433,1629
ad_7754,700,310
ad_7755,4707,220
ad_7756,2967,348
ad_7757,163,-39
ad_7758,359,171
ad_7759,377,128
ad_7760,1970,952
ad_7761,2359,-5
ad_7762,4328,1565
ad_7763,279,113
ad_7764,291,74
ad_7765,1293,581
ad_7766,189,206
ad_7767,4379,491
ad_7768,380,421
ad_7769,2476,635
ad_7770,1838,164
ad_7771,4532,1236
ad_7772,4673,1982
ad_7773,2096,44
ad_7774,4051,1829
ad_7775,2133,89
ad_7776,4227,837
ad_7777,-29,38
ad_7778,2035,-38
ad_7779,4577,-9
ad_7780,3595,1046
ad_7781,417,484
ad_7782,4461,1487
ad_7783,1866,375
ad_7784,-41,26
ad_7785,1654,555
ad_7786,1428,429
ad_7787,292,65
ad_7788,4563,662
ad_7789,451,221
ad_7790,1874,740
ad_7791,2626,927
ad_7792,4112,1179
ad_7793,2032,742
ad_7794,1714,719
ad_7795,669,287
ad_7796,977,337
ad_7797,3346,945
ad_7798,203,283
ad_7799,1438,679
ad_7800,1491,272
ad_7801,2710,743
ad_7802,2595,1087
ad_7803,152,37
ad_7804,4821,1711
ad_7805,1256,9
ad_7806,395,172
ad_7807,24,59
ad_7808,1481,434
ad_7809,4929,-30
ad_7810,399,45
ad_7811,1325,460
ad_7812,4927,40
ad_7813,1760,522
ad_7814,3490,94
ad_7815,1554,460
ad_7816,4343,-44
ad_7817,3788,1817
ad_7818,783,278
ad_7819,2450,547
ad_7820,1893,481
ad_7821,2638,547
ad_7822,2404,255
ad_7823,697,303
ad_7824,1751,610
ad_7825,-32,16
ad_7826,0,0
ad_7827,985,-25
ad_7828,2613,66
ad_7829,1306,53
ad_7830,4307,2103
ad_7831,2902,-43
ad_7832,3212,1503
ad_7833,4393,165
ad_7834,2604,679
ad_7835,4483,-5
ad_7836,467,66
ad_7837,-4,29
ad_7838,833,106
ad_7839,-26,38
ad_7840,3839,1059
ad_7841,0,16
ad_7842,1167,84
ad_7843,1838,704
ad_7844,0,23
ad_7845,3540,959
ad_7846,3351,342
ad_7847,1059,56
ad_7848,4232,63
ad_7849,3249,832
ad_7850,2501,511
ad_7851,934,329
ad_7852,197,41
ad_7853,4588,1029
ad_7854,255,69
ad_7855,1589,433
ad_7856,3352,24
ad_7857,3916,1311
ad_7858,95,129
ad_7859,1040,503
ad_7860,400,62
ad_7861,3983,1712
ad_7862,3231,1227
ad_7863,0,30
ad_7864,-21,10
ad_7865,2866,340
ad_7866,3117,261
ad_7867,1218,-4
ad_7868,-40,13
ad_7869,1039,428
ad_7870,1635,65
ad_7871,3779,1231
ad_7872,1003,85
ad_7873,2914,811
ad_7874,804,79
ad_7875,3865,-2
ad_7876,-42,22
ad_7877,4781,82
ad_7878,315,-49
ad_7879,2185,983
ad_7880,3561,1474
ad_7881,3997,1599
ad_7882,3717,-4
ad_7883,3907,724
ad_7884,1519,373
ad_7885,325,362
ad_7886,4803,217
ad_7887,3982,114
ad_7888,308,384
ad_7889,1228,22
ad_7890,4710,1978
ad_7891,2941,153
ad_7892,3225,728
ad_7893,487,68
ad_7894,624,234
ad_7895,1337,69
ad_7896,4503,1109
ad_7897,1682,447
ad_7898,3339,390
ad_7899,1634,56
ad_7900,102,30
ad_7901,2596,1015
ad_7902,1086,111
ad_7903,1292,5
ad_7904,1800,463
ad_7905,2265,115
ad_7906,368,369
ad_7907,765,8
ad_7908,255,6
ad_7909,2188,67
ad_7910,3583,493
ad_7911,2013,181
ad_7912,3513,520
ad_7913,4900,197
ad_7914,2392,1168
ad_7915,3369,1178
ad_7916,1830,127
ad_7917,4348,-19
ad_7918,1006,-46
ad_7919,4104,1279
ad_7920,4788,1729
ad_7921,482,543
ad_7922,2988,572
ad_7923,1585,87
ad_7924,4270,470
ad_7925,2497,662
ad_7926,3674,1339
ad_7927,-28,13
ad_7928,1707,402
ad_7929,2471,1215
ad_7930,4760,1248
ad_7931,4261,1135
ad_7932,2883,1115
ad_7933,144,145
ad_7934,1467,727
ad_7935,1034,42
ad_7936,1318,295
ad_7937,2334,753
ad_7938,940,337
ad_7939,2037,725
ad_7940,4692,2045
ad_7941,2070,367
ad_7942,2714,1236
ad_7943,1398,178
ad_7944,541,171
ad_7945,1403,108
ad_7946,2295,585
ad_7947,2102,582
ad_7948,3135,1479
ad_7949,1023,180
ad_7950,4755,1639
ad_7951,1342,336
ad_7952,4450,875
ad_7953,3444,-3
ad_7954,2666,21
ad_7955,2348,132
ad_7956,1221,49
ad_7957,1501,239
ad_7958,3552,853
ad_7959,3854,410
ad_7960,4973,1711
ad_7961,4987,260
ad_7962,2849,1360
ad_7963,2957,280
ad_7964,2858,124
ad_7965,0,36
ad_7966,2694,1324
ad_7967,4581,1406
ad_7968,625,-37
ad_7969,448,535
ad_7970,245,80
ad_7971,3750,422
ad_7972,-17,49
ad_7973,4265,1073
ad_7974,249,91
ad_7975,50,16
ad_7976,3191,1217
ad_7977,4629,1774
ad_7978,4075,1599
ad_7979,4073,506
ad_7980,4343,798
ad_7981,396,13
ad_7982,435,208
ad_7983,2205,584
ad_7984,-27,20
ad_7985,227,237
ad_7986,1549,449
ad_7987,1088,466
ad_7988,3253,875
ad_7989,118,153
ad_7990,2153,394
ad_7991,3323,1661
ad_7992,165,37
ad_7993,3424,-24
ad_7994,803,115
ad_7995,2391,1084
ad_7996,2535,182
ad_7997,3542,1555
ad_7998,4803,499
ad_7999,3485,987
ad_8000,39,51
ad_8001,375,89
ad_8002,1625,628
ad_8003,-42,3
ad_8004,4043,333
ad_8005,4745,182
ad_8006,1047,384
ad_8007,3043,1442
ad_8008,152,30
ad_8009,0,3
ad_8010,466,547
ad_8011,4782,1591
ad_8012,677,59
ad_8013,-21,30
ad_8014,4130,572
ad_8015,251,304
ad_8016,1812,361
ad_8017,894,237
ad_8018,3034,172
ad_8019,4356,1666
ad_8020,963,45
ad_8021,2069,735
ad_8022,669,127
ad_8023,325,348
ad_8024,2895,834
ad_8025,4733,1784
ad_8026,401,-41
ad_8027,267,128
ad_8028,3371,926
ad_8029,2962,1191
ad_8030,4342,903
ad_8031,3214,58
ad_8032,2197,620
ad_8033,3654,1208
ad_8034,2417,248
ad_8035,1136,33
ad_8036,180,223
ad_8037,4408,13
ad_8038,4003,927
ad_8039,2854,1155
ad_8040,928,393
ad_8041,1370,470
ad_8042,2249,975
ad_8043,1568,608
ad_8044,4222,1324
ad_8045,-19,23
ad_8046,4200,1571
ad_8047,2438,9
ad_8048,3339,173
ad_8049,743,300
ad_8050,2875,785
ad_8051,3710,909
ad_8052,674,131
ad_8053,3883,1257
ad_8054,4885,394
ad_8055,3733,993
ad_8056,277,93
ad_8057,0,3
ad_8058,3956,1420
ad_8059,0,48
ad_8060,1885,494
ad_8061,2342,14
ad_8062,793,136
ad_8063,4326,1047
ad_8064,3498,1236
ad_8065,2619,903
ad_8066,2940,955
ad_8067,3140,248
ad_8068,3834,-12
ad_8069,2191,909
ad_8070,1664,448
ad_8071,3429,1678
ad_8072,1247,288
ad_8073,362,435
ad_8074,2512,519
ad_8075,2612,799
ad_8076,3366,1257
ad_8077,1459,299
ad_8078,4093,96
ad_8079,3426,1467
ad_8080,3610,253
ad_8081,2073,57
ad_8082,1632,307
ad_8083,3407,211
ad_8084,1140,559
ad_8085,0,40
ad_8086,0,45
ad_8087,4493,678
ad_8088,1314,67
ad_8089,405,-6
ad_8090,928,128
ad_8091,890,365
ad_8092,3254,997
ad_8093,3739,7
ad_8094,109,10
ad_8095,2019,675
ad_8096,3920,262
ad_8097,1263,422
ad_8098,3454,298
ad_8099,2379,787
ad_8100,825,183
ad_8101,3598,1300
ad_8102,1201,-5
ad_8103,3282,1391
ad_8104,802,229
ad_8105,0,13
ad_8106,3844,-13
ad_8107,2006,971
ad_8108,983,377
ad_8109,0,13
ad_8110,3110,310
ad_8111,1933,190
ad_8112,4494,1284
ad_8113,1925,591
ad_8114,3605,105
ad_8115,625,100
ad_8116,1182,148
ad_8117,483,527
ad_8118,311,313
ad_8119,2434,3
ad_8120,4744,21
ad_8121,2576,1216
ad_8122,1891,137
ad_8123,1318,544
ad_8124,338,361
ad_8125,2882,222
ad_8126,4105,1473
ad_8127,4815,1143
ad_8128,4304,-2
ad_8129,4755,1741
ad_8130,1119,3
ad_8131,2697,282
ad_8132,1088,37
ad_8133,4938,1315
ad_8134,1182,158
ad_8135,2609,670
ad_8136,488,554
ad_8137,362,103
ad_8138,4888,1730
ad_8139,1012,352
ad_8140,4820,1170
ad_8141,2260,260
ad_8142,3175,1587
ad_8143,4226,642
ad_8144,559,75
ad_8145,177,186
ad_8146,1532,723
ad_8147,155,72
ad_8148,600,284
ad_8149,240,45
ad_8150,126,-5
ad_8151,1277,355
ad_8152,602,172
ad_8153,3368,1667
ad_8154,2488,301
ad_8155,4647,488
ad_8156,2526,100
ad_8157,954,4
ad_8158,905,182
ad_8159,378,20
ad_8160,1462,-9
ad_8161,-17,8
ad_8162,587,200
ad_8163,-22,17
ad_8164,3322,617
ad_8165,3096,-34
ad_8166,1656,186
ad_8167,4916,2127
ad_8168,4391,17
ad_8169,1121,116
ad_8170,-49,44
ad_8171,2322,-8
ad_8172,2905,1220
ad_8173,327,26
ad_8174,543,230
ad_8175,4798,641
ad_8176,1575,335
ad_8177,900,324
ad_8178,904,99
ad_8179,4356,-22
ad_8180,3347,1464
ad_8181,4257,894
ad_8182,4101,1988
ad_8183,0,44
ad_8184,2802,876
ad_8185,2022,950
ad_8186,1890,673
ad_8187,3846,433
ad_8188,2517,751
ad_8189,2059,385
ad_8190,3713,1354
ad_8191,3246,1334
ad_8192,219,39
ad_8193,2117,331
ad_8194,4772,1678
ad_8195,1646,359
ad_8196,4269,1318
ad_8197,4471,2141
ad_8198,1520,455
ad_8199,4969,-12
ad_8200,1051,177
ad_8201,231,21
ad_8202,3813,1232
ad_8203,476,534
ad_8204,1138,276
ad_8205,2717,1320
ad_8206,4718,1350
ad_8207,182,91
ad_8208,50,137
ad_8209,1433,573
ad_8210,2678,783
ad_8211,2215,489
ad_8212,3697,707
ad_8213,4009,1701
ad_8214,4152,1008
ad_8215,3224,138
ad_8216,1914,73
ad_8217,3290,1138
ad_8218,3856,1025
ad_8219,266,48
ad_8220,633,128
ad_8221,2081,91
ad_8222,729,-10
ad_8223,1540,471
ad_8224,1035,257
ad_8225,965,-22
ad_8226,3874,1230
ad_8227,97,46
ad_8228,2605,477
ad_8229,565,168
ad_8230,3490,103
ad_8231,4155,1268
ad_8232,-16,47
ad_8233,4565,339
ad_8234,4189,836
ad_8235,4738,988
ad_8236,709,340
ad_8237,0,31
ad_8238,1763,808
ad_8239,1897,721
ad_8240,87,26
ad_8241,3869,712
ad_8242,1965,279
ad_8243,2509,628
ad_8244,3762,599
ad_8245,4694,322
ad_8246,1521,120
ad_8247,98,146
ad_8248,1915,584
ad_8249,3644,948
ad_8250,-42,30
ad_8251,1023,63
ad_8252,938,183
ad_8253,2607,97
ad_8254,971,227
ad_8255,258,307
ad_8256,-7,19
ad_8257,2578,524
ad_8258,-34,31
ad_8259,4079,750
ad_8260,2276,1110
ad_8261,1160,48
ad_8262,701,168
ad_8263,1506,172
ad_8264,3769,1190
ad_8265,3909,840
ad_8266,-22,21
ad_8267,242,320
ad_8268,243,335
ad_8269,3191,78
ad_8270,3402,1221
ad_8271,4919,1586
ad_8272,185,-43
ad_8273,2674,276
ad_8274,1157,215
ad_8275,3720,-2
ad_8276,4054,977
ad_8277,3787,-32
ad_8278,3488,1075
ad_8279,2448,591
ad_8280,441,469
ad_8281,2501,1170
ad_8282,2015,382
ad_8283,2137,-34
ad_8284,2062,197
ad_8285,1384,547
ad_8286,250,278
ad_8287,2974,873
ad_8288,4392,1211
ad_8289,3557,1278
ad_8290,1572,98
ad_8291,4222,1248
ad_8292,258,314
ad_8293,3701,1441
ad_8294,2238,1017
ad_8295,1756,707
ad_8296,366,153
ad_8297,453,206
ad_8298,4950,1912
ad_8299,4637,461
ad_8300,86,156
ad_8301,312,56
ad_8302,1927,901
ad_8303,3680,1007
ad_8304,236,15
ad_8305,1740,726
ad_8306,477,492
ad_8307,4201,740
ad_8308,3187,666
ad_8309,1049,317
ad_8310,1315,-23
ad_8311,1845,295
ad_8312,1094,403
ad_8313,1926,179
ad_8314,1262,101
ad_8315,4376,60
ad_8316,3264,1214
ad_8317,2069,924
ad_8318,1478,412
ad_8319,1571,337
ad_8320,2360,1139
ad_8321,3920,369
ad_8322,589,168
ad_8323,757,199
ad_8324,4888,1870
ad_8325,2805,1140
ad_8326,2746,146
ad_8327,2618,60
ad_8328,1460,168
ad_8329,1412,382
ad_8330,1016,201
ad_8331,3414,900
ad_8332,828,275
ad_8333,4197,400
ad_8334,810,390
ad_8335,232,3
ad_8336,935,227
ad_8337,2804,299
ad_8338,4545,635
ad_8339,101,30
ad_8340,4325,1606
ad_8341,405,5
ad_8342,1221,31
ad_8343,2861,152
ad_8344,3789,1256
ad_8345,3167,234
ad_8346,4850,2233
ad_8347,2972,1285
ad_8348,4639,184
ad_8349,3114,479
ad_8350,4708,138
ad_8351,241,23
ad_8352,2788,203
ad_8353,4647,1313
ad_8354,447,8
ad_8355,303,370
ad_8356,0,12
ad_8357,4301,365
ad_8358,1813,70
ad_8359,2022,44
ad_8360,3454,1366
ad_8361,542,224
ad_8362,2523,1128
ad_8363,2989,847
ad_8364,4232,81
ad_8365,424,116
ad_8366,0,46
ad_8367,0,24
ad_8368,687,267
ad_8369,4821,819
ad_8370,4253,-38
ad_8371,3336,1605
ad_8372,4083,946
ad_8373,2650,355
ad_8374,1463,108
ad_8375,290,334
ad_8376,4638,1413
ad_8377,1535,249
ad_8378,1580,254
ad_8379,3665,286
ad_8380,2351,989
ad_8381,4207,153
ad_8382,1887,177
ad_8383,1522,148
ad_8384,390,35
ad_8385,686,72
ad_8386,3720,316
ad_8387,0,34
ad_8388,1384,472
ad_8389,3217,926
ad_8390,0,21
ad_8391,4357,2167
ad_8392,3004,1214
ad_8393,356,17
ad_8394,3739,612
ad_8395,1208,139
ad_8396,4821,2019
ad_8397,2517,387
ad_8398,3315,1322
ad_8399,-4,23
ad_8400,380,463
ad_8401,387,73
ad_8402,952,434
ad_8403,1756,-44
ad_8404,957,-41
ad_8405,612,248
ad_8406,3528,832
ad_8407,3697,1456
ad_8408,2036,992
ad_8409,2587,213
ad_8410,3350,1522
ad_8411,2510,97
ad_8412,133,42
ad_8413,2000,495
ad_8414,1744,248
ad_8415,1483,9
ad_8416,3640,1523
ad_8417,307,100
ad_8418,646,-2
ad_8419,1924,942
ad_8420,0,3
ad_8421,154,170
ad_8422,2055,957
ad_8423,3797,-17
ad_8424,1256,-20
ad_8425,2158,832
ad_8426,4483,519
ad_8427,1287,461
ad_8428,4866,-23
ad_8429,13,78
ad_8430,0,2
ad_8431,1012,162
ad_8432,4926,1472
ad_8433,3122,1009
ad_8434,2457,807
ad_8435,4624,2198
ad_8436,487,525
ad_8437,1892,553
ad_8438,4169,1389
ad_8439,1461,546
ad_8440,1570,545
ad_8441,4754,1959
ad_8442,2678,528
ad_8443,3421,1034
ad_8444,4718,986
ad_8445,3590,1653
ad_8446,2756,789
ad_8447,3684,166
ad_8448,640,104
ad_8449,2822,501
ad_8450,2961,445
ad_8451,1333,283
ad_8452,1775,127
ad_8453,682,264
ad_8454,103,10
ad_8455,3712,-6
ad_8456,1820,813
ad_8457,3513,488
ad_8458,1450,171
ad_8459,252,45
ad_8460,4445,1950
ad_8461,1709,13
ad_8462,2273,694
ad_8463,564,46
ad_8464,1256,590
ad_8465,3241,544
ad_8466,1468,129
ad_8467,100,17
ad_8468,1173,357
ad_8469,4951,1252
ad_8470,177,196
ad_8471,1698,536
ad_8472,1012,392
ad_8473,0,23
ad_8474,2693,1225
ad_8475,138,12
ad_8476,0,29
ad_8477,2053,706
ad_8478,4953,254
ad_8479,3867,-22
ad_8480,1931,465
ad_8481,2753,421
ad_8482,2281,1020
ad_8483,3440,249
ad_8484,4140,1422
ad_8485,439,158
ad_8486,1323,139
ad_8487,4311,1603
ad_8488,1264,240
ad_8489,4310,1815
ad_8490,4182,858
ad_8491,1159,295
ad_8492,1578,716
ad_8493,57,60
ad_8494,1188,323
ad_8495,1473,598
ad_8496,203,15
ad_8497,2407,791
ad_8498,2936,-42
ad_8499,4452,-39
ad_8500,3675,372
ad_8501,4672,1760
ad_8502,4707,2078
ad_8503,4917,2403
ad_8504,2464,992
ad_8505,462,493
ad_8506,2298,382
ad_8507,189,20
ad_8508,137,19
ad_8509,347,50
ad_8510,1704,-32
ad_8511,1658,406
ad_8512,1708,137
ad_8513,4858,1623
ad_8514,596,173
ad_8515,-48,3
ad_8516,2947,903
ad_8517,75,21
ad_8518,4461,-8
ad_8519,4496,1214
ad_8520,55,1
ad_8521,2491,1184
ad_8522,3358,1417
ad_8523,2410,29
ad_8524,3851,926
ad_8525,1086,469
ad_8526,150,232
ad_8527,824,349
ad_8528,3991,423
ad_8529,67,11
ad_8530,3920,1445
ad_8531,497,112
ad_8532,319,72
ad_8533,1411,117
ad_8534,4555,1715
ad_8535,2134,-16
ad_8536,441,165
ad_8537,3037,1284
ad_8538,2227,627
ad_8539,2264,-14
ad_8540,2060,502
ad_8541,4063,1160
ad_8542,0,6
ad_8543,2474,407
ad_8544,2484,54
ad_8545,434,443
ad_8546,3885,1026
ad_8547,3793,-29
ad_8548,3763,33
ad_8549,371,469
ad_8550,4554,1016
ad_8551,4960,549
ad_8552,2898,837
ad_8553,2170,352
ad_8554,2102,467
ad_8555,1056,451
ad_8556,3720,645
ad_8557,432,169
ad_8558,477,519
ad_8559,1304,498
ad_8560,559,243
ad_8561,159,42
ad_8562,2837,212
ad_8563,403,-17
ad_8564,-42,46
ad_8565,-35,12
ad_8566,373,51
ad_8567,2757,951
ad_8568,4151,1853
ad_8569,4437,59
ad_8570,1737,606
ad_8571,1112,114
ad_8572,0,38
ad_8573,209,308
ad_8574,186,-19
ad_8575,0,40
ad_8576,397,-32
ad_8577,1746,501
ad_8578,3400,531
ad_8579,87,146
ad_8580,4871,1768
ad_8581,1233,550
ad_8582,224,20
ad_8583,1439,635
ad_8584,3620,-39
ad_8585,3117,1332
ad_8586,489,168
ad_8587,4358,315
ad_8588,4611,1981
ad_8589,4528,-30
ad_8590,20,95
ad_8591,725,352
ad_8592,2931,498
ad_8593,3023,229
ad_8594,3403,952
ad_8595,2856,198
ad_8596,307,136
ad_8597,2761,1297
ad_8598,4384,362
ad_8599,4344,153
ad_8600,3801,1387
ad_8601,2487,210
ad_8602,2072,765
ad_8603,3341,975
ad_8604,3837,1872
ad_8605,349,401
ad_8606,3131,1290
ad_8607,273,16
ad_8608,775,337
ad_8609,1311,429
ad_8610,1404,630
ad_8611,381,429
ad_8612,1251,578
ad_8613,3055,1224
ad_8614,0,43
ad_8615,3155,313
ad_8616,771,41
ad_8617,2743,966
ad_8618,334,108
ad_8619,4760,2234
ad_8620,1325,648
ad_8621,867,335
ad_8622,4621,569
ad_8623,3562,684
ad_8624,242,39
ad_8625,3673,1735
ad_8626,4953,102
ad_8627,813,402
ad_8628,4637,1806
ad_8629,2175,53
ad_8630,2546,791
ad_8631,879,72
ad_8632,1345,132
ad_8633,0,16
ad_8634,3681,868
ad_8635,3550,1228
ad_8636,4605,-35
ad_8637,3944,1801
ad_8638,393,465
ad_8639,1670,158
ad_8640,2596,1115
ad_8641,643,102
ad_8642,1629,79
ad_8643,4776,-35
ad_8644,3936,1353
ad_8645,4884,2199
ad_8646,3974,1033
ad_8647,-42,11
ad_8648,0,40
ad_8649,3022,-19
ad_8650,3237,829
ad_8651,2654,1125
ad_8652,1478,33
ad_8653,329,355
ad_8654,3397,550
ad_8655,4416,-43
ad_8656,2075,-36
ad_8657,1351,400
ad_8658,3827,285
ad_8659,4465,1657
ad_8660,4213,-36
ad_8661,94,37
ad_8662,4009,-48
ad_8663,4188,1173
ad_8664,3768,1589
ad_8665,459,50
ad_8666,248,260
ad_8667,1161,407
ad_8668,0,1
ad_8669,2834,588
ad_8670,156,66
ad_8671,3579,1622
ad_8672,0,48
ad_8673,946,266
ad_8674,3960,764
ad_8675,2452,889
ad_8676,2941,1013
ad_8677,1781,860
ad_8678,1888,836
ad_8679,1486,206
ad_8680,1017,373
ad_8681,198,-48
ad_8682,3471,468
ad_8683,2004,492
ad_8684,27,111
ad_8685,2893,732
ad_8686,0,37
ad_8687,3581,-48
ad_8688,0,25
ad_8689,1884,225
ad_8690,4603,2171
ad_8691,3575,1425
ad_8692,3138,861
ad_8693,4089,1911
ad_8694,443,517
ad_8695,511,167
ad_8696,134,1
ad_8697,1536,574
ad_8698,2934,102
ad_8699,715,202
ad_8700,2358,465
ad_8701,1382,-15
ad_8702,4042,914
ad_8703,1528,248
ad_8704,1451,495
ad_8705,2950,796
ad_8706,3702,1577
ad_8707,419,156
ad_8708,419,61
ad_8709,2822,1218
ad_8710,2272,93
ad_8711,1636,370
ad_8712,660,128
ad_8713,4992,1225
ad_8714,559,122
ad_8715,850,419
ad_8716,3635,-1
ad_8717,4208,841
ad_8718,1975,310
ad_8719,3781,327
ad_8720,-1,46
ad_8721,1721,680
ad_8722,4152,1748
ad_8723,1472,730
ad_8724,3747,152
ad_8725,898,-3
ad_8726,140,157
ad_8727,2159,191
ad_8728,2843,594
ad_8729,1267,393
ad_8730,2058,290
ad_8731,1597,482
ad_8732,4697,838
ad_8733,2162,585
ad_8734,1933,277
ad_8735,4466,1575
ad_8736,2555,538
ad_8737,2487,1216
ad_8738,2505,161
ad_8739,3685,1238
ad_8740,1551,642
ad_8741,0,30
ad_8742,4632,1383
ad_8743,2551,202
ad_8744,1904,336
ad_8745,4720,1475
ad_8746,956,254
ad_8747,2220,34
ad_8748,4746,1809
ad_8749,1788,413
ad_8750,4404,1904
ad_8751,1643,175
ad_8752,4075,83
ad_8753,3876,345
ad_8754,2621,1183
ad_8755,3205,198
ad_8756,4546,1654
ad_8757,4015,1503
ad_8758,1725,276
ad_8759,1119,104
ad_8760,3356,794
ad_8761,-22,34
ad_8762,1072,33
ad_8763,2750,589
ad_8764,4990,1138
ad_8765,4681,649
ad_8766,4233,489
ad_8767,4734,1734
ad_8768,3380,1185
ad_8769,1751,510
ad_8770,2296,280
ad_8771,1876,360
ad_8772,4232,1528
ad_8773,3154,1528
ad_8774,4836,743
ad_8775,4685,393
ad_8776,51,125
ad_8777,3551,570
ad_8778,3179,565
ad_8779,2548,509
ad_8780,1723,615
ad_8781,1877,146
ad_8782,3027,1283
ad_8783,300,389
ad_8784,397,419
ad_8785,277,376
ad_8786,1960,807
ad_8787,4142,-3
ad_8788,3837,902
ad_8789,1544,170
ad_8790,4983,560
ad_8791,4623,236
ad_8792,3433,484
ad_8793,624,219
ad_8794,1627,393
ad_8795,1968,532
ad_8796,1930,86
ad_8797,3782,857
ad_8798,2979,-17
ad_8799,2161,973
ad_8800,1759,711
ad_8801,391,489
ad_8802,2330,474
ad_8803,15,100
ad_8804,4050,-32
ad_8805,1528,381
ad_8806,165,178
ad_8807,1255,263
ad_8808,3684,139
ad_8809,1066,382
ad_8810,2705,158
ad_8811,4587,-17
ad_8812,3940,1697
ad_8813,1774,382
ad_8814,307,339
ad_8815,2892,952
ad_8816,234,305
ad_8817,985,278
ad_8818,1091,353
ad_8819,964,442
ad_8820,4600,739
ad_8821,2369,1036
ad_8822,2104,778
ad_8823,962,268
ad_8824,2126,322
ad_8825,3766,830
ad_8826,4744,601
ad_8827,4465,1629
ad_8828,245,33
ad_8829,2658,346
ad_8830,3136,636
ad_8831,2157,110
ad_8832,1139,126
ad_8833,3449,1421
ad_8834,3338,1134
ad_8835,3768,1215
ad_8836,4729,1772
ad_8837,4625,-49
ad_8838,907,44
ad_8839,3138,448
ad_8840,3257,606
ad_8841,4500,9
ad_8842,1742,443
ad_8843,1271,171
ad_8844,4765,398
ad_8845,3345,214
ad_8846,4959,2088
ad_8847,2605,857
ad_8848,4832,46
ad_8849,4742,-24
ad_8850,2062,278
ad_8851,4130,215
ad_8852,3602,1149
ad_8853,3157,1399
ad_8854,4429,429
ad_8855,2626,262
ad_8856,4811,1115
ad_8857,943,458
ad_8858,2652,455
ad_8859,799,82
ad_8860,-26,15
ad_8861,685,42
ad_8862,68,129
ad_8863,4574,1780
ad_8864,3777,647
ad_8865,2237,186
ad_8866,121,161
ad_8867,4400,1619
ad_8868,2535,628
ad_8869,457,474
ad_8870,4151,-49
ad_8871,1872,110
ad_8872,2487,426
ad_8873,2277,106
ad_8874,3754,-45
ad_8875,4139,2058
ad_8876,3395,616
ad_8877,2518,281
ad_8878,-10,22
ad_8879,4091,1752
ad_8880,3763,1851
ad_8881,4028,80
ad_8882,4146,1908
ad_8883,293,2
ad_8884,4057,741
ad_8885,2439,973
ad_8886,1709,123
ad_8887,2892,169
ad_8888,988,364
ad_8889,1519,4
ad_8890,2015,744
ad_8891,557,-4
ad_8892,913,169
ad_8893,2208,303
ad_8894,4094,515
ad_8895,4115,1961
ad_8896,4586,1561
ad_8897,1100,504
ad_8898,1787,448
ad_8899,4965,595
ad_8900,697,63
ad_8901,4176,688
ad_8902,4181,705
ad_8903,389,46
ad_8904,575,-8
ad_8905,3215,272
ad_8906,2717,-48
ad_8907,838,63
ad_8908,2986,-5
ad_8909,3172,403
ad_8910,3378,911
ad_8911,1307,205
ad_8912,89,11
ad_8913,1432,180
ad_8914,2045,335
ad_8915,624,119
ad_8916,1034,22
ad_8917,3610,-11
ad_8918,2824,56
ad_8919,3917,1831
ad_8920,3660,380
ad_8921,483,88
ad_8922,3472,104
ad_8923,1741,726
ad_8924,406,110
ad_8925,2161,-12
ad_8926,3319,583
ad_8927,2968,617
ad_8928,4527,235
ad_8929,407,491
ad_8930,2331,622
ad_8931,3726,1709
ad_8932,3250,-31
ad_8933,2160,714
ad_8934,3095,394
ad_8935,1249,494
ad_8936,3498,926
ad_8937,0,0
ad_8938,4408,1071
ad_8939,3144,406
ad_8940,0,16
ad_8941,683,133
ad_8942,1958,380
ad_8943,1144,33
ad_8944,4183,-36
ad_8945,2553,466
ad_8946,3290,1603
ad_8947,3892,453
ad_8948,1343,197
ad_8949,3431,1483
ad_8950,1537,248
ad_8951,2298,289
ad_8952,4084,472
ad_8953,-42,14
ad_8954,2113,970
ad_8955,3043,1375
ad_8956,2549,1213
ad_8957,2909,589
ad_8958,2961,1221
ad_8959,-13,47
ad_8960,1618,55
ad_8961,4569,1803
ad_8962,3827,1243
ad_8963,648,101
ad_8964,3516,188
ad_8965,1981,878
ad_8966,4807,2375
ad_8967,3425,300
ad_8968,0,25
ad_8969,4114,718
ad_8970,4694,1697
ad_8971,3597,1794
ad_8972,2826,-48
ad_8973,2300,647
ad_8974,138,39
ad_8975,4291,121
ad_8976,2941,-39
ad_8977,4720,2031
ad_8978,0,3
ad_8979,1235,13
ad_8980,4872,305
ad_8981,4037,82
ad_8982,4135,1475
ad_8983,2140,522
ad_8984,4127,-30
ad_8985,553,42
ad_8986,3128,1384
ad_8987,3351,1540
ad_8988,1064,333
ad_8989,2405,866
ad_8990,1641,51
ad_8991,2304,724
ad_8992,750,340
ad_8993,4004,441
ad_8994,1445,479
ad_8995,1222,484
ad_8996,4964,150
ad_8997,4561,283
ad_8998,3495,1029
ad_8999,2891,1002
ad_9000,1265,221
ad_9001,3355,918
ad_9002,4938,2128
ad_9003,3756,-7
ad_9004,3887,967
ad_9005,624,56
ad_9006,2919,389
ad_9007,2291,162
ad_9008,906,376
ad_9009,4614,1007
ad_9010,265,347
ad_9011,124,27
ad_9012,323,-42
ad_9013,4624,695
ad_9014,3233,867
ad_9015,4293,227
ad_9016,913,30
ad_9017,2020,254
ad_9018,1881,458
ad_9019,2557,799
ad_9020,3718,579
ad_9021,2361,292
ad_9022,1150,574
ad_9023,1448,470
ad_9024,3967,18
ad_9025,922,171
ad_9026,3565,1293
ad_9027,75,165
ad_9028,168,25
ad_9029,0,33
ad_9030,4458,787
ad_9031,373,136
ad_9032,1581,619
ad_9033,3955,392
ad_9034,3155,1233
ad_9035,2146,875
ad_9036,2461,566
ad_9037,3258,1115
ad_9038,981,49
ad_9039,4980,1832
ad_9040,4558,1655
ad_9041,3761,-23
ad_9042,759,175
ad_9043,-37,11
ad_9044,172,79
ad_9045,3258,1623
ad_9046,4141,896
ad_9047,3456,-32
ad_9048,2565,320
ad_9049,4328,2023
ad_9050,2340,196
ad_9051,2074,763
ad_9052,4481,1953
ad_9053,203,50
ad_9054,3610,706
ad_9055,4354,755
ad_9056,263,50
ad_9057,1257,10
ad_9058,748,322
ad_9059,3658,1027
ad_9060,3039,994
ad_9061,1586,7
ad_9062,2514,256
ad_9063,3992,1462
ad_9064,4084,1348
ad_9065,4346,142
ad_9066,1371,681
ad_9067,488,119
ad_9068,0,47
ad_9069,4774,390
ad_9070,604,293
ad_9071,1432,240
ad_9072,765,64
ad_9073,4016,978
ad_9074,2257,111
ad_9075,2883,72
ad_9076,882,340
ad_9077,-42,12
ad_9078,551,129
ad_9079,4385,1797
ad_9080,2835,37
ad_9081,-27,10
ad_9082,428,95
ad_9083,2801,631
ad_9084,1377,238
ad_9085,3756,1496
ad_9086,3953,1619
ad_9087,2757,87
ad_9088,154,4
ad_9089,2937,1440
ad_9090,2055,63
ad_9091,430,469
ad_9092,4524,-6
ad_9093,4074,901
ad_9094,3217,955
ad_9095,308,88
ad_9096,2983,61
ad_9097,1755,-29
ad_9098,598,203
ad_9099,1801,43
ad_9100,817,29
ad_9101,3428,873
ad_9102,4836,-17
ad_9103,250,339
ad_9104,2799,728
ad_9105,2072,690
ad_9106,54,4
ad_9107,3608,604
ad_9108,2788,799
ad_9109,3154,754
ad_9110,2239,452
ad_9111,4967,2477
ad_9112,444,495
ad_9113,4278,1905
ad_9114,1665,189
ad_9115,4449,1568
ad_9116,3051,1385
ad_9117,0,22
ad_9118,65,32
ad_9119,4751,1743
ad_9120,4522,1128
ad_9121,2658,736
ad_9122,3447,161
ad_9123,4267,594
ad_9124,1823,441
ad_9125,3989,1624
ad_9126,630,83
ad_9127,4022,594
ad_9128,1092,545
ad_9129,344,152
ad_9130,590,145
ad_9131,3547,-2
ad_9132,582,14
ad_9133,3395,1465
ad_9134,1260,466
ad_9135,4864,429
ad_9136,3701,917
ad_9137,2348,139
ad_9138,4615,-8
ad_9139,3882,401
ad_9140,3614,185
ad_9141,-30,47
ad_9142,445,483
ad_9143,1174,473
ad_9144,4373,1805
ad_9145,688,144
ad_9146,651,100
ad_9147,4763,1170
ad_9148,4974,1943
ad_9149,433,93
ad_9150,1560,-29
ad_9151,3471,197
ad_9152,4991,1687
ad_9153,3506,1050
ad_9154,4402,-43
ad_9155,3405,20
ad_9156,4630,745
ad_9157,1795,52
ad_9158,1830,709
ad_9159,4560,2120
ad_9160,3349,502
ad_9161,4898,1176
ad_9162,2911,430
ad_9163,3629,698
ad_9164,3361,1111
ad_9165,1121,463
ad_9166,2394,818
ad_9167,67,1
ad_9168,975,93
ad_9169,2263,33
ad_9170,3390,1332
ad_9171,2843,-27
ad_9172,0,28
ad_9173,1328,266
ad_9174,4217,1589
ad_9175,413,147
ad_9176,2847,1079
ad_9177,4522,936
ad_9178,1424,-13
ad_9179,1493,550
ad_9180,2919,195
ad_9181,2987,67
ad_9182,438,173
ad_9183,1946,484
ad_9184,3048,1155
ad_9185,4988,2260
ad_9186,4505,957
ad_9187,3431,937
ad_9188,1870,-12
ad_9189,133,63
ad_9190,4480,432
ad_9191,3245,1261
ad_9192,0,13
ad_9193,747,234
ad_9194,3043,59
ad_9195,588,71
ad_9196,1330,600
ad_9197,3783,210
ad_9198,4478,328
ad_9199,2338,653
ad_9200,1983,480
ad_9201,2824,836
ad_9202,4684,2027
ad_9203,355,454
ad_9204,2073,208
ad_9205,2476,715
ad_9206,1716,63
ad_9207,2635,1188
ad_9208,0,18
ad_9209,2437,935
ad_9210,109,1
ad_9211,2868,1358
ad_9212,1057,507
ad_9213,2731,285
ad_9214,4054,1260
ad_9215,958,215
ad_9216,4098,1213
ad_9217,4372,1009
ad_9218,3122,897
ad_9219,3908,250
ad_9220,3687,745
ad_9221,264,123
ad_9222,1460,-39
ad_9223,3606,47
ad_9224,2894,967
ad_9225,1453,539
ad_9226,4096,369
ad_9227,1233,27
ad_9228,2002,154
ad_9229,1189,139
ad_9230,2531,235
ad_9231,4974,1029
ad_9232,2981,588
ad_9233,2796,1323
ad_9234,2342,163
ad_9235,4595,1809
ad_9236,4821,1342
ad_9237,4974,1889
ad_9238,2805,1133
ad_9239,-11,2
ad_9240,4293,282
ad_9241,4540,1008
ad_9242,4547,-31
ad_9243,2257,271
ad_9244,3353,1414
ad_9245,4427,1607
ad_9246,1033,387
ad_9247,4379,1094
ad_9248,0,35
ad_9249,859,365
ad_9250,2618,1067
ad_9251,4087,1450
ad_9252,3011,61
ad_9253,223,248
ad_9254,3173,600
ad_9255,3503,1125
ad_9256,4009,654
ad_9257,4995,1986
ad_9258,1889,645
ad_9259,3735,1788
ad_9260,1576,-38
ad_9261,2338,236
ad_9262,2099,399
ad_9263,4913,588
ad_9264,566,8
ad_9265,3642,1705
ad_9266,1042,92
ad_9267,275,15
ad_9268,1651,778
ad_9269,1895,110
ad_9270,3986,1968
ad_9271,2298,290
ad_9272,2927,600
ad_9273,2230,513
ad_9274,3409,1260
ad_9275,1932,962
ad_9276,272,295
ad_9277,4218,536
ad_9278,2246,990
ad_9279,2871,568
ad_9280,4645,1180
ad_9281,2930,201
ad_9282,146,21
ad_9283,2623,668
ad_9284,865,37
ad_9285,324,397
ad_9286,0,19
ad_9287,385,461
ad_9288,32,93
ad_9289,0,9
ad_9290,938,133
ad_9291,0,39
ad_9292,4269,1999
ad_9293,1175,492
ad_9294,4388,1866
ad_9295,4596,637
ad_9296,1729,545
ad_9297,473,494
ad_9298,2578,859
ad_9299,337,133
ad_9300,1898,850
ad_9301,4237,938
ad_9302,2602,73
ad_9303,2672,1050
ad_9304,578,44
ad_9305,3188,1329
ad_9306,2616,391
ad_9307,462,222
ad_9308,1714,718
ad_9309,3314,296
ad_9310,-6,37
ad_9311,3643,1557
ad_9312,1557,740
ad_9313,2079,111
ad_9314,4609,1356
ad_9315,2906,318
ad_9316,3839,926
ad_9317,4903,1058
ad_9318,3951,1243
ad_9319,2721,961
ad_9320,4815,488
ad_9321,1431,458
ad_9322,3469,1412
ad_9323,110,119
ad_9324,1202,518
ad_9325,4873,2062
ad_9326,4660,1904
ad_9327,3030,1228
ad_9328,1588,630
ad_9329,4301,-27
ad_9330,93,161
ad_9331,3481,952
ad_9332,1574,439
ad_9333,965,453
ad_9334,4737,2023
ad_9335,2651,72
ad_9336,4111,208
ad_9337,3260,-23
ad_9338,4819,2141
ad_9339,4653,1662
ad_9340,2656,820
ad_9341,4442,875
ad_9342,1829,290
ad_9343,160,167
ad_9344,604,256
ad_9345,-35,30
ad_9346,1271,-22
ad_9347,1765,755
ad_9348,3181,180
ad_9349,998,283
ad_9350,3079,1397
ad_9351,2750,517
ad_9352,136,176
ad_9353,2797,1164
ad_9354,-13,1
ad_9355,1852,171
ad_9356,2539,820
ad_9357,3694,1319
ad_9358,4892,1015
ad_9359,2703,354
ad_9360,989,359
ad_9361,3231,-10
ad_9362,3975,1323
ad_9363,972,222
ad_9364,3747,5
ad_9365,1778,60
ad_9366,2628,1236
ad_9367,0,39
ad_9368,4790,632
ad_9369,170,244
ad_9370,1925,162
ad_9371,3406,790
ad_9372,4832,1833
ad_9373,1188,36
ad_9374,3674,1679
ad_9375,3954,1836
ad_9376,3422,1157
ad_9377,-9,34
ad_9378,277,343
ad_9379,3946,793
ad_9380,717,198
ad_9381,4457,1563
ad_9382,277,326
ad_9383,1875,824
ad_9384,2922,864
ad_9385,4922,593
ad_9386,4711,1174
ad_9387,3250,1004
ad_9388,50,21
ad_9389,3196,499
ad_9390,4279,2081
ad_9391,412,202
ad_9392,4324,1664
ad_9393,100,26
ad_9394,4549,525
ad_9395,-30,17
ad_9396,3134,1111
ad_9397,4250,575
ad_9398,910,65
ad_9399,842,-2
ad_9400,3395,1521
ad_9401,38,88
ad_9402,-6,4
ad_9403,2180,548
ad_9404,172,62
ad_9405,568,244
ad_9406,296,318
ad_9407,796,155
ad_9408,312,19
ad_9409,2628,103
ad_9410,-42,44
ad_9411,2632,258
ad_9412,1004,226
ad_9413,3259,853
ad_9414,118,18
ad_9415,824,261
ad_9416,1455,107
ad_9417,3310,954
ad_9418,595,86
ad_9419,3494,1650
ad_9420,3231,74
ad_9421,2706,147
ad_9422,370,467
ad_9423,2506,379
ad_9424,0,24
ad_9425,4349,1833
ad_9426,1774,62
ad_9427,3348,428
ad_9428,0,3
ad_9429,349,363
ad_9430,2790,400
ad_9431,1388,291
ad_9432,3810,1676
ad_9433,3692,1760
ad_9434,2530,494
ad_9435,525,229
ad_9436,2319,646
ad_9437,1900,787
ad_9438,531,242
ad_9439,2080,66
ad_9440,4760,171
ad_9441,1747,736
ad_9442,2715,842
ad_9443,251,269
ad_9444,3098,530
ad_9445,4485,1576
ad_9446,1827,145
ad_9447,2169,497
ad_9448,411,161
ad_9449,162,77
ad_9450,2078,690
ad_9451,4736,1481
ad_9452,863,23
ad_9453,1914,447
ad_9454,3030,742
ad_9455,205,55
ad_9456,2915,1171
ad_9457,2075,521
ad_9458,1358,157
ad_9459,4313,-35
ad_9460,3250,296
ad_9461,391,7
ad_9462,-32,24
ad_9463,1405,135
ad_9464,399,104
ad_9465,4516,1349
ad_9466,122,218
ad_9467,231,286
ad_9468,988,112
ad_9469,825,109
ad_9470,73,36
ad_9471,0,6
ad_9472,3987,1883
ad_9473,1992,295
ad_9474,1364,44
ad_9475,0,15
ad_9476,4695,894
ad_9477,369,60
ad_9478,3752,1435
ad_9479,3727,1453
ad_9480,540,175
ad_9481,4352,1411
ad_9482,1168,243
ad_9483,1691,683
ad_9484,355,155
ad_9485,4046,-4
ad_9486,3980,627
ad_9487,2766,1215
ad_9488,2740,187
ad_9489,273,84
ad_9490,3844,1295
ad_9491,811,315
ad_9492,1417,388
ad_9493,3027,1441
ad_9494,1117,279
ad_9495,0,19
ad_9496,-25,1
ad_9497,4724,665
ad_9498,2170,466
ad_9499,3380,1500
ad_9500,1858,631
ad_9501,4955,1735
ad_9502,679,217
ad_9503,2971,270
ad_9504,1922,636
ad_9505,0,46
ad_9506,2134,1061
ad_9507,1154,454
ad_9508,275,312
ad_9509,195,215
ad_9510,734,201
ad_9511,4065,1960
ad_9512,2527,565
ad_9513,2774,249
ad_9514,3463,1715
ad_9515,2521,502
ad_9516,4697,801
ad_9517,2597,930
ad_9518,1839,862
ad_9519,4274,491
ad_9520,1266,624
ad_9521,3304,88
ad_9522,2054,475
ad_9523,3598,542
ad_9524,4420,749
ad_9525,2551,1270
ad_9526,2952,678
ad_9527,0,5
ad_9528,1402,-24
ad_9529,2825,256
ad_9530,-33,13
ad_9531,427,445
ad_9532,1628,411
ad_9533,1325,62
ad_9534,2011,450
ad_9535,535,187
ad_9536,3974,1952
ad_9537,2110,254
ad_9538,323,136
ad_9539,164,258
ad_9540,3976,204
ad_9541,814,330
ad_9542,3493,1342
ad_9543,252,1
ad_9544,863,159
ad_9545,2181,984
ad_9546,1622,145
ad_9547,911,18
ad_9548,2401,518
ad_9549,1921,84
ad_9550,4847,1027
ad_9551,2381,67
ad_9552,3976,510
ad_9553,928,278
ad_9554,2808,1253
ad_9555,4174,763
ad_9556,2084,24
ad_9557,327,72
ad_9558,1559,48
ad_9559,1192,186
ad_9560,4022,1537
ad_9561,4769,955
ad_9562,4452,1725
ad_9563,4369,1551
ad_9564,2062,190
ad_9565,2683,693
ad_9566,299,105
ad_9567,173,79
ad_9568,1218,109
ad_9569,960,333
ad_9570,1566,423
ad_9571,942,291
ad_9572,1583,585
ad_9573,3676,574
ad_9574,1385,476
ad_9575,3233,180
ad_9576,2878,953
ad_9577,911,411
ad_9578,2255,1107
ad_9579,0,35
ad_9580,1615,696
ad_9581,3252,1340
ad_9582,2601,1004
ad_9583,121,39
ad_9584,3278,1390
ad_9585,3081,427
ad_9586,2216,730
ad_9587,3439,1058
ad_9588,2350,751
ad_9589,639,184
ad_9590,0,26
ad_9591,0,9
ad_9592,260,276
ad_9593,461,184
ad_9594,4354,463
ad_9595,852,379
ad_9596,860,105
ad_9597,4073,841
ad_9598,1057,221
ad_9599,3185,1490
ad_9600,4999,1017
ad_9601,384,136
ad_9602,4086,800
ad_9603,454,537
ad_9604,2638,537
ad_9605,1405,261
ad_9606,4102,1930
ad_9607,0,17
ad_9608,545,236
ad_9609,-36,33
ad_9610,2434,832
ad_9611,0,38
ad_9612,1151,245
ad_9613,888,153
ad_9614,1498,293
ad_9615,482,12
ad_9616,4728,341
ad_9617,4716,143
ad_9618,4892,34
ad_9619,702,186
ad_9620,208,-16
ad_9621,2336,-26
ad_9622,2581,55
ad_9623,172,59
ad_9624,4893,1261
ad_9625,1594,545
ad_9626,4655,969
ad_9627,3006,126
ad_9628,1570,-28
ad_9629,1127,393
ad_9630,2655,218
ad_9631,4985,2242
ad_9632,918,161
ad_9633,2032,288
ad_9634,4269,213
ad_9635,466,67
ad_9636,4107,1780
ad_9637,432,175
ad_9638,4155,64
ad_9639,166,22
ad_9640,0,18
ad_9641,4492,480
ad_9642,4925,195
ad_9643,1398,208
ad_9644,3104,150
ad_9645,4332,1088
ad_9646,3070,72
ad_9647,2900,1184
ad_9648,328,340
ad_9649,2598,80
ad_9650,900,202
ad_9651,3511,64
ad_9652,3426,246
ad_9653,3339,-22
ad_9654,4491,1906
ad_9655,3668,579
ad_9656,367,138
ad_9657,1445,449
ad_9658,3833,817
ad_9659,1325,320
ad_9660,3919,1843
ad_9661,2716,337
ad_9662,1580,240
ad_9663,3449,222
ad_9664,4753,63
ad_9665,2793,1368
ad_9666,618,13
ad_9667,3999,1356
ad_9668,2382,986
ad_9669,4016,-38
ad_9670,2107,712
ad_9671,0,36
ad_9672,4654,246
ad_9673,1734,769
ad_9674,4636,-10
ad_9675,2551,679
ad_9676,184,250
ad_9677,3865,793
ad_9678,4413,242
ad_9679,220,53
ad_9680,-3,45
ad_9681,2696,1055
ad_9682,3306,1169
ad_9683,1250,402
ad_9684,4186,42
ad_9685,1489,-15
ad_9686,3135,7
ad_9687,3849,1921
ad_9688,996,386
ad_9689,4433,1522
ad_9690,2413,437
ad_9691,4270,-34
ad_9692,62,73
ad_9693,348,13
ad_9694,1494,359
ad_9695,1375,580
ad_9696,3342,-10
ad_9697,3784,1343
ad_9698,4380,1200
ad_9699,3880,609
ad_9700,1021,5
ad_9701,2894,172
ad_9702,1531,-31
ad_9703,4275,846
ad_9704,1182,513
ad_9705,4682,232
ad_9706,-40,38
ad_9707,285,332
ad_9708,837,65
ad_9709,3369,-11
ad_9710,991,414
ad_9711,3427,1374
ad_9712,458,553
ad_9713,0,16
ad_9714,3859,1381
ad_9715,2523,37
ad_9716,4137,-12
ad_9717,1217,154
ad_9718,2154,401
ad_9719,2360,504
ad_9720,503,88
ad_9721,4073,-11
ad_9722,4746,1182
ad_9723,651,275
ad_9724,3391,1360
ad_9725,1603,766
ad_9726,709,333
ad_9727,3006,344
ad_9728,0,14
ad_9729,639,33
ad_9730,3770,166
ad_9731,1289,468
ad_9732,4537,1861
ad_9733,720,29
ad_9734,3845,656
ad_9735,4911,30
ad_9736,3239,1546
ad_9737,929,309
ad_9738,1922,864
ad_9739,673,310
ad_9740,0,2
ad_9741,3397,639
ad_9742,3898,1722
ad_9743,4166,546
ad_9744,2008,870
ad_9745,2996,1378
ad_9746,1600,468
ad_9747,380,406
ad_9748,0,22
ad_9749,3210,512
ad_9750,2328,714
ad_9751,3539,741
ad_9752,4173,1529
ad_9753,3591,-5
ad_9754,1636,-23
ad_9755,1758,264
ad_9756,1905,641
ad_9757,1596,528
ad_9758,172,185
ad_9759,2354,1148
ad_9760,1423,593
ad_9761,2370,1156
ad_9762,1133,421
ad_9763,319,327
ad_9764,2788,1137
ad_9765,3079,856
ad_9766,213,46
ad_9767,3496,547
ad_9768,173,34
ad_9769,1530,149
ad_9770,4383,322
ad_9771,19,45
ad_9772,-31,12
ad_9773,3086,923
ad_9774,385,133
ad_9775,1945,199
ad_9776,2027,615
ad_9777,4895,1968
ad_9778,4549,1724
ad_9779,372,418
ad_9780,1992,159
ad_9781,219,289
ad_9782,798,38
ad_9783,1393,100
ad_9784,4043,965
ad_9785,4096,100
ad_9786,596,137
ad_9787,904,274
ad_9788,3172,-49
ad_9789,2064,242
ad_9790,2662,317
ad_9791,2220,855
ad_9792,4764,1144
ad_9793,-21,6
ad_9794,4103,1828
ad_9795,2476,794
ad_9796,-17,7
ad_9797,2301,326
ad_9798,1024,-20
ad_9799,4478,983
ad_9800,4338,1183
ad_9801,494,157
ad_9802,4036,509
ad_9803,4341,604
ad_9804,1177,8
ad_9805,416,130
ad_9806,2287,709
ad_9807,2540,947
ad_9808,2829,1289
ad_9809,3556,550
ad_9810,1367,444
ad_9811,2455,525
ad_9812,3431,1147
ad_9813,2429,1129
ad_9814,1664,522
ad_9815,2190,372
ad_9816,169,15
ad_9817,1520,480
ad_9818,235,24
ad_9819,3093,-23
ad_9820,4681,887
ad_9821,724,145
ad_9822,0,1
ad_9823,2987,1149
ad_9824,1131,420
ad_9825,3489,922
ad_9826,486,506
ad_9827,4922,1713
ad_9828,3858,957
ad_9829,2658,169
ad_9830,4568,909
ad_9831,4604,949
ad_9832,174,225
ad_9833,803,225
ad_9834,4195,35
ad_9835,4171,614
ad_9836,-19,4
ad_9837,1915,419
ad_9838,4938,2275
ad_9839,939,91
ad_9840,647,18
ad_9841,3775,1193
ad_9842,4262,553
ad_9843,3900,509
ad_9844,944,222
ad_9845,3391,1097
ad_9846,4349,72
ad_9847,4540,63
ad_9848,115,21
ad_9849,311,128
ad_9850,4434,953
ad_9851,3428,561
ad_9852,2140,584
ad_9853,2301,862
ad_9854,-9,7
ad_9855,2942,312
ad_9856,2285,122
ad_9857,331,150
ad_9858,19,42
ad_9859,1112,42
ad_9860,2676,1320
ad_9861,3334,334
ad_9862,646,90
ad_9863,1380,292
ad_9864,145,44
ad_9865,2158,244
ad_9866,4674,282
ad_9867,173,-46
ad_9868,2446,1118
ad_9869,226,98
ad_9870,2683,1264
ad_9871,1365,357
ad_9872,2395,997
ad_9873,1104,269
ad_9874,1982,905
ad_9875,539,-13
ad_9876,0,29
ad_9877,590,6
ad_9878,3708,723
ad_9879,1115,553
ad_9880,4841,1099
ad_9881,1311,92
ad_9882,2171,359
ad_9883,3737,742
ad_9884,322,96
ad_9885,4865,647
ad_9886,4001,814
ad_9887,3469,1090
ad_9888,3888,1355
ad_9889,3668,917
ad_9890,3056,1331
ad_9891,669,143
ad_9892,4991,2396
ad_9893,3087,473
ad_9894,3871,1620
ad_9895,1081,204
ad_9896,4284,187
ad_9897,3398,1543
ad_9898,3652,688
ad_9899,1078,403
ad_9900,4522,1069
ad_9901,2287,250
ad_9902,485,581
ad_9903,369,42
ad_9904,4936,1835
ad_9905,990,405
ad_9906,1757,661
ad_9907,1279,394
ad_9908,2802,56
ad_9909,1951,166
ad_9910,2883,359
ad_9911,244,30
ad_9912,1530,209
ad_9913,3787,885
ad_9914,930,379
ad_9915,1965,310
ad_9916,570,215
ad_9917,107,154
ad_9918,330,381
ad_9919,4502,2243
ad_9920,1885,-38
ad_9921,3955,1813
ad_9922,2632,1269
ad_9923,624,64
ad_9924,1568,170
ad_9925,1574,696
ad_9926,577,277
ad_9927,2874,14
ad_9928,1982,192
ad_9929,0,8
ad_9930,4023,-11
ad_9931,2778,1320
ad_9932,488,39
ad_9933,3553,1016
ad_9934,0,21
ad_9935,4604,-12
ad_9936,1947,224
ad_9937,3576,-19
ad_9938,1938,708
ad_9939,331,346
ad_9940,843,282
ad_9941,1359,310
ad_9942,2542,79
ad_9943,2657,421
ad_9944,4128,988
ad_9945,3814,294
ad_9946,68,147
ad_9947,1521,645
ad_9948,4288,731
ad_9949,-36,40
ad_9950,4481,928
ad_9951,4680,213
ad_9952,396,62
ad_9953,1549,124
ad_9954,3318,852
ad_9955,4120,181
ad_9956,2624,387
ad_9957,1743,464
ad_9958,539,145
ad_9959,4578,763
ad_9960,4046,596
ad_9961,4851,92
ad_9962,1850,-18
ad_9963,3561,413
ad_9964,497,31
ad_9965,558,257
ad_9966,1928,48
ad_9967,1729,771
ad_9968,139,161
ad_9969,4700,1563
ad_9970,4306,573
ad_9971,2089,995
ad_9972,363,48
ad_9973,221,73
ad_9974,3121,622
ad_9975,3839,349
ad_9976,2037,698
ad_9977,0,32
ad_9978,613,7
ad_9979,1767,780
ad_9980,1198,199
ad_9981,1108,35
ad_9982,2947,-27
ad_9983,673,212
ad_9984,3202,160
ad_9985,679,253
ad_9986,-40,1
ad_9987,4975,1847
ad_9988,2741,85
ad_9989,518,258
ad_9990,3325,931
ad_9991,2956,1435
ad_9992,2365,312
ad_9993,-33,18
ad_9994,4491,-15
ad_9995,3209,1118
ad_9996,1272,338
ad_9997,1730,63
ad_9998,770,148
ad_9999,4210,-35
ad_10000,601,85
